SalePrice,GrLivArea,OverallQual,SaleCondition,BldgType,YearBuilt,GarageCars,LotArea,HeatingQC,KitchenQual,MiscVal,YearRemodAdd,YrSold,RoofStyle,SaleType
208500,1710,7,Normal,1Fam,2003,2,8450,Ex,Gd,0,2003,2008,Gable,WD
181500,1262,6,Normal,1Fam,1976,2,9600,Ex,TA,0,1976,2007,Gable,WD
223500,1786,7,Normal,1Fam,2001,2,11250,Ex,Gd,0,2002,2008,Gable,WD
140000,1717,7,Abnorml,1Fam,1915,3,9550,Gd,Gd,0,1970,2006,Gable,WD
250000,2198,8,Normal,1Fam,2000,3,14260,Ex,Gd,0,2000,2008,Gable,WD
143000,1362,5,Normal,1Fam,1993,2,14115,Ex,TA,700,1995,2009,Gable,WD
307000,1694,8,Normal,1Fam,2004,2,10084,Ex,Gd,0,2005,2007,Gable,WD
200000,2090,7,Normal,1Fam,1973,2,10382,Ex,TA,350,1973,2009,Gable,WD
129900,1774,7,Abnorml,1Fam,1931,2,6120,Gd,TA,0,1950,2008,Gable,WD
118000,1077,5,Normal,2fmCon,1939,1,7420,Ex,TA,0,1950,2008,Gable,WD
129500,1040,5,Normal,1Fam,1965,1,11200,Ex,TA,0,1965,2008,Hip,WD
345000,2324,9,Partial,1Fam,2005,3,11924,Ex,Ex,0,2006,2006,Hip,New
144000,912,5,Normal,1Fam,1962,1,12968,TA,TA,0,1962,2008,Hip,WD
279500,1494,7,Partial,1Fam,2006,3,10652,Ex,Gd,0,2007,2007,Gable,New
157000,1253,6,Normal,1Fam,1960,1,10920,TA,TA,0,1960,2008,Hip,WD
132000,854,7,Normal,1Fam,1929,2,6120,Ex,TA,0,2001,2007,Gable,WD
149000,1004,6,Normal,1Fam,1970,2,11241,Ex,TA,700,1970,2010,Gable,WD
90000,1296,4,Normal,Duplex,1967,2,10791,TA,TA,500,1967,2006,Gable,WD
159000,1114,5,Normal,1Fam,2004,2,13695,Ex,Gd,0,2004,2008,Gable,WD
139000,1339,5,Abnorml,1Fam,1958,1,7560,TA,TA,0,1965,2009,Hip,COD
325300,2376,8,Partial,1Fam,2005,3,14215,Ex,Gd,0,2006,2006,Gable,New
139400,1108,7,Normal,1Fam,1930,1,7449,Ex,Gd,0,1950,2007,Gable,WD
230000,1795,8,Normal,1Fam,2002,2,9742,Ex,Gd,0,2002,2008,Hip,WD
129900,1060,5,Normal,TwnhsE,1976,2,4224,TA,TA,0,1976,2007,Gable,WD
154000,1060,5,Normal,1Fam,1968,1,8246,Ex,Gd,0,2001,2010,Gable,WD
256300,1600,8,Normal,1Fam,2007,3,14230,Ex,Gd,0,2007,2009,Gable,WD
134800,900,5,Normal,1Fam,1951,2,7200,TA,Gd,0,2000,2010,Gable,WD
306000,1704,8,Normal,1Fam,2007,3,11478,Ex,Gd,0,2008,2010,Gable,WD
207500,1600,5,Normal,1Fam,1957,1,16321,TA,TA,0,1997,2006,Gable,WD
68500,520,4,Normal,1Fam,1927,1,6324,Fa,Fa,0,1950,2008,Gable,WD
40000,1317,4,Normal,1Fam,1920,1,8500,TA,TA,0,1950,2008,Gambrel,WD
149350,1228,5,Normal,1Fam,1966,1,8544,Gd,Gd,0,2006,2008,Gable,WD
179900,1234,8,Normal,1Fam,2007,2,11049,Ex,Gd,0,2007,2008,Gable,WD
165500,1700,5,Normal,1Fam,1959,2,10552,Gd,Gd,0,1959,2010,Hip,WD
277500,1561,9,Normal,TwnhsE,2005,2,7313,Ex,Ex,0,2005,2007,Hip,WD
309000,2452,8,Normal,1Fam,2004,3,13418,Ex,Gd,0,2005,2006,Gable,WD
145000,1097,5,Normal,1Fam,1994,2,10859,Ex,TA,0,1995,2009,Gable,WD
153000,1297,5,Normal,1Fam,1954,2,8532,Gd,TA,0,1990,2009,Hip,WD
109000,1057,5,Abnorml,1Fam,1953,1,7922,TA,Gd,0,2007,2010,Gable,WD
82000,1152,4,AdjLand,Duplex,1955,0,6040,TA,Fa,0,1955,2008,Gable,WD
160000,1324,6,Abnorml,1Fam,1965,2,8658,Ex,TA,0,1965,2006,Gable,WD
170000,1328,5,Normal,1Fam,1959,1,16905,Gd,TA,0,1959,2007,Gable,WD
144000,884,5,Normal,1Fam,1983,2,9180,Gd,Gd,0,1983,2007,Gable,WD
130250,938,5,Normal,1Fam,1975,1,9200,TA,TA,0,1980,2008,Hip,WD
141000,1150,5,Normal,1Fam,1959,1,7945,Ex,TA,0,1959,2006,Gable,WD
319900,1752,9,Normal,TwnhsE,2005,2,7658,Ex,Ex,0,2005,2010,Hip,WD
239686,2149,7,Abnorml,1Fam,2003,2,12822,Ex,Gd,0,2003,2009,Gable,WD
249700,1656,8,Normal,1Fam,2006,3,11096,Ex,Gd,0,2006,2007,Gable,WD
113000,1452,4,Partial,2fmCon,1920,0,4456,Gd,TA,0,2008,2009,Gable,New
127000,955,5,Normal,1Fam,1966,1,7742,Ex,TA,0,1966,2007,Gable,WD
177000,1470,6,Normal,1Fam,1997,2,13869,Gd,TA,0,1997,2007,Gable,WD
114500,1176,6,Normal,1Fam,1934,2,6240,TA,TA,400,1950,2006,Gable,WD
110000,816,5,Normal,Duplex,1963,2,8472,TA,TA,0,1963,2010,Gable,WD
385000,1842,9,Normal,1Fam,1981,3,50271,Gd,Gd,0,1987,2006,Gable,WD
130000,1360,5,Normal,1Fam,1955,2,7134,TA,TA,0,1955,2007,Gable,WD
180500,1425,6,Normal,1Fam,1964,2,10175,Gd,TA,0,1964,2008,Gable,WD
172500,1739,8,Abnorml,Twnhs,1999,2,2645,Ex,Gd,0,2000,2009,Gable,WD
196500,1720,7,Normal,1Fam,2004,2,11645,Ex,Gd,0,2004,2006,Gable,WD
438780,2945,10,Partial,1Fam,2006,3,13682,Ex,Gd,0,2006,2006,Hip,New
124900,780,5,Normal,1Fam,1972,1,7200,Ex,TA,0,1972,2008,Gable,WD
158000,1158,6,Partial,1Fam,2004,2,13072,Ex,Gd,0,2004,2006,Gable,New
101000,1111,5,Normal,1Fam,1920,1,7200,TA,Fa,0,1996,2007,Gable,WD
202500,1370,8,Normal,TwnhsE,2006,2,6442,Ex,Gd,0,2006,2007,Gable,WD
140000,1710,7,Normal,1Fam,1921,2,10300,Gd,TA,0,1950,2010,Gable,WD
219500,2034,7,Normal,1Fam,1997,2,9375,Ex,Gd,0,1998,2009,Gable,WD
317000,2473,8,Normal,1Fam,2004,3,9591,Ex,Gd,0,2005,2007,Gable,WD
180000,2207,7,Normal,1Fam,1970,2,19900,TA,TA,0,1989,2010,Gable,WD
226000,1479,7,Normal,1Fam,2003,2,10665,Ex,Gd,0,2003,2007,Gable,WD
80000,747,4,Normal,1Fam,1945,1,4608,TA,TA,0,1950,2010,Gable,WD
225000,2287,7,Normal,1Fam,1953,2,15593,TA,TA,0,1953,2006,Gable,WD
244000,2223,7,Normal,1Fam,1973,2,13651,Ex,TA,0,1973,2007,Gable,WD
129500,845,4,Normal,1Fam,1982,2,7599,TA,TA,0,2006,2007,Gable,WD
185000,1718,7,Normal,1Fam,1998,2,10141,Gd,TA,0,1998,2009,Gable,WD
144900,1086,5,Normal,1Fam,1954,2,10200,Gd,TA,0,2003,2010,Gable,WD
107400,1605,3,Normal,1Fam,1915,1,5790,Gd,TA,0,1950,2010,Gambrel,WD
91000,988,4,Normal,Twnhs,1973,1,1596,TA,TA,0,1973,2009,Gable,WD
135750,952,4,Normal,1Fam,1956,1,8475,Ex,TA,0,1956,2008,Gable,WD
127000,1285,5,Normal,1Fam,1948,1,8635,TA,TA,0,2001,2008,Gable,WD
136500,1768,4,Normal,Duplex,1968,0,10778,TA,TA,0,1968,2010,Hip,WD
110000,1230,5,Normal,1Fam,1910,2,10440,Gd,TA,0,1981,2009,Gable,WD
193500,2142,6,Normal,1Fam,1968,1,13000,TA,Gd,0,1968,2009,Gable,WD
153500,1337,6,Normal,TwnhsE,1998,2,4500,Ex,TA,0,1998,2006,Hip,WD
245000,1563,8,Normal,1Fam,2007,3,10206,Ex,Gd,0,2007,2008,Gable,WD
126500,1065,5,Normal,1Fam,1960,2,8892,Gd,TA,0,1960,2007,Gable,COD
168500,1474,7,Normal,1Fam,1995,2,8530,Gd,TA,700,1996,2009,Gable,WD
260000,2417,8,Normal,1Fam,1991,2,16059,Ex,Gd,0,1992,2006,Hip,WD
174000,1560,6,Normal,1Fam,2005,2,11911,Ex,Gd,0,2005,2009,Gable,WD
164500,1224,6,Partial,TwnhsE,2009,2,3951,Ex,Gd,0,2009,2009,Gable,New
85000,1526,3,Abnorml,1Fam,1915,0,8470,TA,Fa,0,1982,2009,Hip,ConLD
123600,990,4,Normal,1Fam,1994,0,8070,Ex,TA,0,1995,2007,Gable,WD
109900,1040,4,Normal,1Fam,1950,2,7200,TA,TA,0,1950,2006,Gable,WD
98600,1235,5,Abnorml,1Fam,1961,2,8500,TA,TA,0,1961,2006,Hip,WD
163500,964,5,Normal,1Fam,1921,2,13360,Ex,TA,0,2006,2009,Gable,WD
133900,2291,6,Normal,2fmCon,1910,2,7200,Ex,TA,0,1998,2007,Hip,WD
204750,1786,6,Normal,1Fam,1997,2,9337,Ex,Gd,0,1997,2007,Gable,WD
185000,1470,6,Normal,1Fam,1993,2,9765,Gd,TA,480,1993,2009,Gable,WD
214000,1588,7,Normal,1Fam,1999,2,10264,Ex,Gd,0,1999,2006,Gable,WD
94750,960,4,Normal,1Fam,1965,1,10921,TA,TA,0,1965,2007,Hip,WD
83000,835,5,Abnorml,1Fam,1920,1,10625,Fa,TA,400,1950,2010,Gable,COD
128950,1225,4,Normal,1Fam,1959,0,9320,Fa,TA,400,1959,2010,Gable,WD
205000,1610,6,Normal,1Fam,1977,2,10603,Gd,Gd,0,2001,2010,Gable,WD
178000,1732,6,Normal,1Fam,1985,2,9206,TA,Gd,0,1985,2010,Gable,WD
118964,1535,5,Alloca,Duplex,1979,2,7018,TA,TA,0,1979,2009,Gable,WD
198900,1226,7,Normal,1Fam,2009,3,10402,Ex,Gd,0,2009,2010,Gable,WD
169500,1818,7,Normal,1Fam,1931,1,7758,Ex,TA,0,1950,2007,Gable,WD
250000,1992,8,Normal,1Fam,2003,2,9375,Ex,Gd,0,2004,2008,Hip,WD
100000,1047,4,Normal,1Fam,1885,1,10800,Gd,TA,450,1995,2007,Mansard,WD
115000,789,5,Partial,1Fam,1948,1,6000,Ex,TA,0,1950,2008,Gable,WD
115000,1517,5,Normal,1Fam,1919,0,8500,TA,Fa,0,2005,2007,Gable,WD
190000,1844,6,Normal,1Fam,1977,2,11751,Ex,TA,0,1977,2010,Hip,COD
136900,1855,6,Normal,1Fam,1954,1,9525,Gd,TA,0,1972,2006,Gable,WD
180000,1430,7,Normal,1Fam,2000,2,7750,Ex,TA,0,2000,2010,Gable,WD
383970,2696,7,Partial,1Fam,2007,3,9965,Ex,Ex,0,2007,2007,Gable,New
217000,2259,6,Abnorml,1Fam,1953,2,21000,TA,Gd,0,1953,2007,Hip,COD
259500,2320,6,Normal,1Fam,1945,1,7259,Ex,Gd,0,2002,2007,Gambrel,WD
176000,1458,6,Normal,TwnhsE,1999,2,3230,Gd,TA,0,1999,2007,Gable,WD
139000,1092,5,Normal,1Fam,1962,1,11616,TA,TA,0,1962,2009,Gable,WD
155000,1125,5,Partial,1Fam,2006,2,8536,Gd,TA,0,2007,2007,Gable,New
320000,3222,7,Normal,1Fam,1990,3,12376,Gd,Gd,0,1990,2010,Hip,WD
163990,1456,6,Partial,1Fam,2005,2,8461,Ex,Gd,0,2006,2006,Gable,New
180000,988,6,Normal,1Fam,1969,2,21453,Ex,TA,0,1969,2006,Flat,WD
100000,1123,4,Normal,1Fam,1939,1,6060,Gd,TA,0,1950,2007,Gable,WD
136000,1080,6,Normal,1Fam,1958,1,9464,Gd,TA,0,1958,2008,Hip,WD
153900,1199,6,Normal,TwnhsE,1993,2,7892,Ex,Gd,0,1993,2008,Gable,WD
181000,1586,6,Normal,1Fam,1979,2,17043,TA,TA,0,1998,2009,Gable,WD
84500,754,6,Normal,2fmCon,1935,0,6780,Gd,TA,0,1982,2006,Gable,WD
128000,958,6,Normal,TwnhsE,1976,2,4928,TA,TA,0,1976,2007,Gable,WD
87000,840,5,Normal,1Fam,1930,0,4388,Ex,TA,0,1950,2007,Gable,WD
155000,1348,6,Normal,1Fam,1966,2,7590,TA,TA,0,1966,2006,Gable,WD
150000,1053,5,Abnorml,1Fam,1958,2,8973,TA,Ex,0,1991,2006,Gable,WD
226000,2157,7,Normal,1Fam,1966,2,14200,Ex,Gd,0,1966,2006,Gable,WD
244000,2054,6,Normal,1Fam,2000,2,12224,Ex,Gd,0,2000,2009,Gable,WD
150750,1327,5,Normal,1Fam,1959,2,7388,Gd,Gd,0,2002,2007,Gable,WD
220000,1296,8,Normal,1Fam,2001,2,6853,Ex,Gd,0,2002,2009,Gable,WD
180000,1721,5,Normal,1Fam,1968,2,10335,Gd,TA,0,1993,2006,Gable,WD
174000,1682,7,Normal,1Fam,1970,2,10400,Gd,TA,0,1970,2008,Hip,WD
143000,1214,5,Normal,1Fam,1967,1,10355,TA,TA,0,1967,2007,Gable,WD
171000,1959,7,Family,Duplex,1988,3,11070,Gd,TA,0,1989,2006,Gable,WD
230000,1852,8,Normal,1Fam,1999,3,9066,Ex,Gd,0,2000,2008,Gable,WD
231500,1764,6,Normal,1Fam,1997,2,15426,Ex,Gd,0,1997,2009,Gable,WD
115000,864,4,Normal,1Fam,1971,0,10500,TA,TA,0,1971,2010,Gable,ConLI
260000,1734,7,Normal,1Fam,2005,2,11645,Ex,Gd,0,2005,2006,Gable,WD
166000,1385,5,Normal,1Fam,1952,2,8520,Fa,TA,0,1952,2010,Gable,WD
204000,1501,7,Normal,1Fam,1999,2,10335,Ex,Gd,0,1999,2009,Gable,WD
125000,1728,5,Abnorml,Duplex,1963,2,9100,TA,TA,0,1963,2006,Gable,ConLI
130000,1709,6,Normal,Twnhs,2004,2,2522,Ex,Gd,0,2006,2006,Gable,WD
105000,875,5,Normal,1Fam,1931,1,6120,TA,TA,0,1993,2009,Gable,WD
222500,2035,7,Normal,1Fam,2001,2,9505,Ex,Gd,0,2001,2010,Gable,WD
141000,1080,7,Normal,1Fam,2004,0,7500,Ex,Gd,0,2005,2008,Gable,WD
115000,1344,5,Normal,1Fam,1936,1,6240,Gd,TA,0,1950,2006,Gable,WD
122000,969,5,Normal,1Fam,1975,2,10356,TA,TA,0,1975,2007,Gable,WD
372402,1710,8,Partial,1Fam,2007,3,13891,Ex,Gd,0,2008,2008,Hip,New
190000,1993,6,Normal,1Fam,1971,2,14803,Gd,TA,0,1971,2006,Gable,WD
235000,1252,6,Normal,1Fam,1960,2,13500,Gd,TA,0,1975,2008,Flat,WD
125000,1200,6,Family,1Fam,1923,1,11340,TA,TA,0,1950,2006,Gable,WD
79000,1096,6,Normal,1Fam,1924,0,9600,Fa,TA,0,1950,2008,Gable,WD
109500,1040,5,Normal,1Fam,1950,2,7200,TA,TA,0,1950,2006,Hip,WD
269500,1968,8,Partial,1Fam,2009,3,12003,Ex,Ex,0,2010,2010,Gable,New
254900,1947,7,Normal,1Fam,2004,2,12552,Ex,Gd,0,2005,2010,Gable,WD
320000,2462,7,Partial,1Fam,2005,2,19378,Ex,Gd,0,2006,2006,Gable,New
162500,1232,6,Normal,1Fam,1984,2,11120,TA,TA,0,1984,2008,Gable,WD
412500,2668,9,Normal,1Fam,2003,3,13688,Ex,Ex,0,2004,2008,Gable,WD
220000,1541,7,Partial,1Fam,2005,2,12182,Ex,Gd,0,2005,2010,Gable,New
103200,882,4,Normal,1Fam,1956,0,5500,Ex,TA,0,1956,2007,Gable,WD
152000,1616,6,Normal,1Fam,1926,1,5400,Gd,Gd,0,2004,2007,Gable,WD
127500,1355,5,Normal,2fmCon,1940,0,10106,Gd,TA,0,1999,2008,Gable,WD
190000,1867,5,Normal,1Fam,1955,1,10708,Ex,TA,0,1993,2009,Hip,COD
325624,2161,8,Partial,1Fam,2007,3,10562,Ex,Ex,0,2007,2007,Gable,New
183500,1720,7,Normal,1Fam,2004,2,8244,Ex,Gd,0,2004,2007,Gable,WD
228000,1707,8,Normal,1Fam,1981,2,16669,TA,TA,0,1981,2006,Hip,WD
128500,1382,5,Normal,1Fam,1941,2,12358,TA,TA,0,1950,2007,Gable,WD
215000,1656,6,Normal,1Fam,1960,2,31770,Fa,TA,0,1960,2010,Hip,WD
239000,1767,7,Normal,TwnhsE,1987,2,5306,Gd,Gd,0,1987,2006,Gable,WD
163000,1362,6,Normal,1Fam,1961,2,10197,TA,TA,0,1961,2008,Gable,COD
184000,1651,6,Normal,1Fam,1986,2,12416,TA,TA,0,1986,2008,Gable,WD
243000,2158,6,Normal,1Fam,1950,2,12615,TA,Gd,0,2001,2007,Gable,WD
211000,2060,6,Normal,1Fam,1988,2,10029,TA,TA,0,1989,2007,Gable,WD
172500,1920,5,Normal,1Fam,1958,2,13650,Ex,Gd,0,1958,2006,Gable,WD
501837,2234,9,Partial,1Fam,2008,3,17423,Ex,Ex,0,2009,2009,Hip,New
100000,968,5,Normal,1Fam,1923,2,8520,TA,TA,0,2006,2007,Gable,WD
177000,1525,6,Normal,Twnhs,2000,2,2117,Ex,Gd,0,2000,2007,Gable,WD
200100,1802,7,Normal,1Fam,1920,1,7588,Gd,TA,0,1950,2006,Gable,WD
120000,1340,5,Normal,1Fam,1957,1,9060,Ex,TA,0,2006,2007,Hip,WD
200000,2082,7,Normal,1Fam,2003,2,11426,Ex,Gd,0,2003,2008,Gable,WD
127000,1252,5,Normal,1Fam,1908,2,7438,Gd,TA,0,1991,2006,Gable,WD
475000,3608,10,Normal,1Fam,1892,3,22950,Ex,Ex,0,1993,2006,Gable,WD
173000,1217,7,Normal,1Fam,1990,2,9947,Ex,Gd,0,1991,2009,Gable,WD
135000,1656,5,Normal,1Fam,1916,1,10410,Ex,TA,0,1987,2009,Gable,WD
153337,1224,5,Alloca,Duplex,1979,2,7018,TA,TA,0,1979,2009,Gable,WD
286000,1593,8,Normal,TwnhsE,2001,2,4923,Ex,Ex,0,2002,2008,Gable,WD
315000,2727,8,Normal,1Fam,1932,2,10570,TA,Gd,0,1994,2007,Hip,WD
184000,1479,7,Normal,1Fam,1972,2,7472,Gd,Gd,0,2004,2007,Gable,WD
192000,1431,7,Normal,1Fam,1999,2,9017,Ex,Gd,0,1999,2009,Gable,WD
130000,1709,7,Normal,Twnhs,2004,2,2522,Ex,Gd,0,2004,2006,Gable,WD
127000,864,5,Normal,1Fam,1972,1,7180,TA,TA,0,1972,2008,Hip,WD
148500,1456,6,Normal,Twnhs,1976,2,2280,TA,TA,0,1976,2009,Gable,WD
311872,1726,7,Partial,1Fam,2007,3,9416,Ex,Ex,0,2007,2007,Hip,New
235000,3112,8,Abnorml,1Fam,1918,2,25419,Gd,Gd,0,1990,2006,Gable,WD
104000,2229,6,Abnorml,1Fam,1912,0,5520,Ex,TA,0,1950,2009,Gable,WD
274900,1713,8,Normal,1Fam,2004,3,9591,Ex,Ex,0,2005,2009,Hip,WD
140000,1121,4,Normal,1Fam,2003,2,8546,Ex,TA,0,2004,2010,Gable,WD
171500,1279,6,Normal,1Fam,1977,2,10125,TA,TA,0,1977,2008,Gable,WD
112000,1310,6,Normal,1Fam,1924,1,7000,Gd,TA,0,1950,2006,Gable,COD
149000,848,6,Normal,TwnhsE,2004,2,4438,Ex,Gd,0,2004,2008,Gable,WD
110000,1284,5,Normal,1Fam,1947,1,3500,TA,TA,0,1950,2009,Gable,WD
180500,1442,7,Normal,1Fam,1990,2,11851,Ex,TA,0,1990,2009,Gable,WD
143900,1696,5,Normal,1Fam,1962,1,13673,TA,TA,0,1962,2007,Gable,WD
141000,1100,4,Normal,1Fam,1960,1,12493,TA,TA,0,1960,2008,Gable,WD
277000,2062,7,Normal,1Fam,1988,2,14364,Ex,TA,0,1989,2007,Gable,WD
145000,1092,6,Normal,1Fam,1964,2,8250,Ex,TA,0,1964,2008,Hip,WD
98000,864,5,Normal,1Fam,1925,0,5604,TA,TA,0,1950,2008,Gable,WD
186000,1212,6,Normal,1Fam,2009,2,10420,Ex,Gd,0,2009,2010,Gable,WD
252678,1852,7,Partial,1Fam,2009,2,8640,Ex,Gd,0,2009,2009,Gable,New
156000,990,5,Normal,1Fam,1995,2,13568,Ex,TA,0,1995,2006,Gable,WD
161750,1392,6,Normal,1Fam,1977,1,10900,Ex,TA,450,1977,2010,Gable,WD
134450,1236,5,Normal,1Fam,1957,1,10011,TA,Gd,0,1996,2006,Gable,WD
210000,1436,7,Normal,1Fam,2004,2,8450,Ex,Gd,0,2004,2008,Gable,WD
107000,1328,4,Family,1Fam,1925,1,9906,Fa,TA,0,1950,2006,Gable,WD
311500,1954,7,Normal,1Fam,1939,2,15660,Ex,Gd,0,2006,2008,Gable,WD
167240,1248,7,Partial,TwnhsE,2005,2,3010,Ex,Gd,0,2006,2006,Gable,New
204900,1498,7,Partial,1Fam,2006,2,8990,Ex,Gd,0,2006,2006,Gable,New
200000,2267,6,Normal,1Fam,2002,2,8068,Ex,Gd,0,2002,2009,Gable,ConLI
179900,1552,6,Normal,1Fam,1975,2,11475,TA,TA,0,1975,2006,Gable,WD
97000,864,4,Abnorml,1Fam,1971,2,10500,Gd,TA,0,1971,2009,Gable,WD
386250,2392,10,Normal,1Fam,2003,3,13472,Ex,Ex,0,2003,2009,Hip,WD
112000,1302,5,Abnorml,Twnhs,1971,1,1680,TA,TA,0,1971,2009,Gable,COD
290000,2520,7,Abnorml,1Fam,1995,3,9950,Ex,Gd,0,1995,2007,Gable,WD
106000,987,6,Normal,Twnhs,1970,1,1869,TA,TA,0,1970,2008,Gable,WD
125000,912,5,Normal,1Fam,1967,1,8521,TA,TA,0,1967,2010,Gable,WD
192500,1555,7,Normal,TwnhsE,2005,2,3182,Ex,Gd,0,2006,2009,Gable,WD
148000,1194,6,Normal,1Fam,1959,1,8760,TA,TA,0,1959,2010,Hip,WD
403000,2794,8,Normal,1Fam,1995,3,15138,Ex,Ex,0,1996,2009,Gable,WD
94500,987,6,Normal,Twnhs,1972,1,1680,TA,TA,0,1972,2006,Gable,WD
128200,894,5,Normal,1Fam,1976,1,10650,TA,TA,0,1976,2010,Gable,WD
216500,1960,6,Normal,1Fam,2002,2,7851,Ex,Gd,0,2002,2010,Gable,WD
89500,987,6,Normal,TwnhsE,1971,1,1680,TA,TA,0,1971,2008,Gable,WD
185500,1414,7,Normal,1Fam,2004,2,8773,Ex,Gd,0,2004,2010,Gable,WD
194500,1744,7,Normal,1Fam,1993,2,9453,Ex,Gd,0,2003,2010,Gable,WD
318000,1694,8,Partial,1Fam,2007,3,12030,Ex,Gd,0,2007,2007,Hip,New
113000,1487,6,Normal,1Fam,1945,1,8741,TA,TA,0,1950,2010,Gable,WD
262500,1566,8,Normal,1Fam,2008,2,9000,Ex,Gd,0,2008,2010,Gable,WD
110500,866,5,Normal,1Fam,1945,0,3880,Gd,Gd,0,1997,2007,Gable,WD
79000,1440,5,Normal,1Fam,1900,1,5000,Gd,TA,0,1950,2006,Gable,WD
120000,1217,6,Normal,TwnhsE,1980,1,10762,TA,TA,0,1980,2009,Gable,WD
205000,2110,7,Normal,1Fam,1994,2,8880,Ex,Gd,0,2002,2010,Gable,WD
241500,1872,7,Normal,1Fam,1988,2,10400,Gd,TA,0,1988,2006,Gable,WD
137000,1928,6,Normal,2fmCon,1910,1,9142,Gd,Fa,0,1950,2006,Gable,WD
140000,1375,6,Normal,1Fam,1954,2,11310,Ex,TA,0,1954,2006,Hip,WD
180000,1668,7,Normal,1Fam,2003,2,11317,Ex,Gd,0,2003,2007,Gable,WD
277000,2144,6,Normal,1Fam,1958,2,159000,Gd,Gd,500,2006,2007,Gable,WD
76500,1306,3,Normal,1Fam,1940,0,5350,Ex,Fa,450,1966,2010,Gable,WD
235000,1625,8,Family,TwnhsE,2006,2,4750,Ex,Gd,0,2007,2007,Hip,WD
173000,1640,6,Normal,1Fam,2004,2,8366,Ex,Gd,0,2004,2008,Gable,WD
158000,1302,6,Normal,1Fam,1964,1,9350,Ex,Gd,0,1991,2007,Hip,CWD
145000,1314,5,Normal,1Fam,1957,1,8400,TA,TA,0,1957,2010,Gable,WD
230000,2291,7,Normal,1Fam,1999,2,8738,Ex,Gd,0,1999,2006,Gable,WD
207500,1728,6,Normal,1Fam,2003,2,8791,Ex,Gd,0,2003,2008,Gable,WD
220000,1604,7,Abnorml,1Fam,2006,2,8814,Ex,Gd,0,2006,2009,Gable,WD
231500,1792,7,Normal,1Fam,2001,2,12435,Ex,Gd,0,2001,2008,Gable,WD
97000,882,5,Normal,1Fam,1956,1,12702,Gd,TA,0,1956,2008,Gable,WD
176000,1382,6,Normal,1Fam,1962,2,19296,TA,TA,0,1962,2009,Gable,WD
276000,2574,8,Partial,1Fam,2007,3,9588,Ex,Ex,0,2007,2007,Gable,New
151000,1212,6,Normal,1Fam,1977,2,8471,TA,TA,0,1995,2006,Gable,WD
130000,1316,5,Normal,1Fam,1929,2,5500,TA,TA,0,2001,2010,Gable,WD
73000,764,5,Normal,1Fam,1925,2,5232,Gd,TA,0,2004,2008,Gable,WD
175500,1422,6,Normal,1Fam,1981,2,12090,TA,Gd,0,1981,2008,Gable,WD
185000,1511,6,Normal,1Fam,1997,2,11207,Gd,TA,0,1997,2006,Gable,WD
179500,2192,5,Normal,1Fam,1939,1,8400,Ex,Gd,0,1997,2008,Gable,WD
120500,778,5,Normal,1Fam,1940,1,6900,Ex,TA,0,1955,2008,Gable,WD
148000,1113,6,Normal,1Fam,1976,1,7917,TA,TA,0,1976,2007,Hip,WD
266000,1939,8,Partial,1Fam,2006,3,10728,Gd,Gd,0,2006,2006,Gable,New
241500,1363,7,Normal,1Fam,1954,2,39104,Ex,TA,0,2005,2008,Flat,WD
290000,2270,8,Normal,1Fam,1999,3,11764,Ex,Gd,0,2007,2010,Gable,WD
139000,1632,6,Normal,1Fam,1958,1,9600,Gd,TA,0,1988,2009,Hip,WD
124500,816,5,Normal,1Fam,1982,1,8314,TA,TA,0,1982,2007,Gable,WD
205000,1548,7,Normal,1Fam,1925,2,7264,Gd,Ex,0,2007,2009,Gable,WD
201000,1560,7,Normal,1Fam,2003,2,9196,Ex,Gd,0,2003,2010,Gable,WD
141000,864,4,Normal,1Fam,1951,2,19138,Ex,TA,0,1951,2010,Gable,WD
415298,2121,9,Partial,1Fam,2006,3,14450,Ex,Ex,0,2007,2007,Gable,New
192000,2022,7,Normal,1Fam,1977,2,10005,Ex,TA,0,1977,2008,Hip,WD
228500,1982,7,Normal,1Fam,1989,2,11287,Gd,Gd,0,1989,2007,Gable,WD
185000,1262,6,Partial,1Fam,2006,2,7200,Gd,Gd,0,2006,2006,Gable,New
207500,1314,7,Normal,Twnhs,2007,2,5063,Ex,Gd,0,2008,2009,Gable,ConLw
244600,1468,8,Partial,1Fam,2008,3,9612,Ex,Gd,0,2009,2009,Gable,New
179200,1575,6,Normal,TwnhsE,1992,2,8012,Gd,Gd,0,1992,2007,Gable,WD
164700,1250,7,Partial,TwnhsE,2006,2,4251,Ex,Gd,0,2007,2007,Gable,New
159000,1734,6,Normal,1Fam,1962,2,9786,TA,Gd,0,1981,2006,Gable,WD
88000,858,4,Normal,1Fam,1971,0,8125,TA,TA,0,1971,2006,Gable,WD
122000,900,5,Normal,1Fam,1967,1,9819,TA,TA,0,1967,2010,Gable,WD
153575,1396,6,Normal,1Fam,1915,1,8730,Ex,TA,0,2003,2007,Gable,WD
233230,1919,8,Partial,1Fam,2006,2,15611,Ex,Gd,0,2006,2006,Gable,New
135900,1716,5,Normal,2fmCon,1912,0,5687,Ex,Fa,0,2000,2008,Gable,WD
131000,1716,5,Normal,1Fam,1949,1,11409,Gd,TA,0,2008,2009,Gable,WD
235000,2263,7,Normal,1Fam,1977,2,16659,Fa,Gd,0,1994,2006,Gable,WD
167000,1644,6,Normal,1Fam,1953,2,9600,TA,TA,0,1953,2009,Hip,WD
142500,1003,6,Normal,1Fam,1984,2,7937,TA,TA,0,1984,2006,Gable,WD
152000,1558,5,Normal,1Fam,1950,1,13710,TA,TA,0,1950,2007,Gable,WD
239000,1950,7,Normal,1Fam,1997,2,7399,Ex,Gd,0,1998,2007,Hip,WD
175000,1743,6,Normal,1Fam,1968,2,11700,Gd,TA,0,1968,2007,Mansard,WD
158500,1152,6,Family,1Fam,1950,1,14000,Ex,Gd,0,2004,2009,Gable,WD
157000,1336,5,Normal,2fmCon,1953,1,15750,TA,TA,0,1953,2006,Hip,WD
267000,2452,8,Normal,1Fam,1998,2,16226,Ex,Gd,0,1999,2007,Gable,WD
205000,1541,7,Normal,1Fam,2001,3,13704,Ex,Gd,0,2002,2006,Gable,WD
149900,894,5,Abnorml,1Fam,1972,2,9800,TA,TA,0,1972,2006,Gable,WD
295000,3493,7,Normal,1Fam,1880,3,18386,Ex,Gd,0,2002,2008,Gable,WD
305900,2000,8,Normal,1Fam,2004,3,10386,Ex,Gd,0,2005,2007,Gable,WD
225000,2243,7,Normal,1Fam,1990,3,13474,Gd,Gd,0,1991,2007,Gable,WD
89500,1406,6,Normal,1Fam,1920,0,7920,TA,Fa,0,1950,2008,Gable,WD
82500,861,4,Normal,1Fam,1940,2,12342,Ex,TA,0,1950,2009,Gable,WD
360000,1944,9,Normal,1Fam,2003,3,12378,Ex,Ex,0,2004,2006,Gable,WD
165600,1501,6,Normal,1Fam,1993,2,7685,Gd,Gd,0,1994,2006,Gable,WD
132000,972,6,Normal,1Fam,1948,1,8000,Ex,TA,0,2002,2009,Gable,WD
119900,1118,5,Normal,2fmCon,1939,2,7800,TA,TA,0,1950,2006,Gable,WD
375000,2036,7,Normal,1Fam,1965,2,215245,TA,TA,0,1965,2009,Hip,WD
178000,1641,7,Normal,1Fam,1925,2,9600,Ex,Ex,0,1990,2006,Gable,WD
188500,1432,7,Normal,1Fam,2004,2,7795,Ex,Gd,0,2005,2009,Gable,WD
260000,2353,7,Normal,1Fam,1980,2,13005,TA,Ex,0,1980,2009,Gable,WD
270000,1959,8,Normal,1Fam,2006,3,9000,Ex,Gd,0,2006,2007,Gable,WD
260000,2646,7,Normal,1Fam,1993,3,9900,Ex,Gd,0,1993,2009,Gable,WD
187500,1472,7,Normal,1Fam,1980,2,14115,TA,TA,0,1980,2009,Gable,WD
342643,2596,9,Partial,1Fam,2006,3,16259,Ex,Gd,0,2006,2006,Gable,New
354000,2468,8,Normal,1Fam,2004,3,12099,Ex,Gd,0,2004,2007,Gable,WD
301000,2730,7,Normal,1Fam,1986,2,10380,Ex,Gd,0,1987,2007,Gable,WD
126175,1163,3,Normal,1Fam,1955,1,5820,Ex,TA,0,2005,2006,Gable,WD
242000,2978,7,Normal,1Fam,1967,2,11275,Ex,Gd,0,2007,2010,Mansard,WD
87000,803,5,Normal,1Fam,1941,2,5000,Po,TA,0,1950,2007,Gable,WD
324000,1719,8,Normal,TwnhsE,1993,2,10846,Ex,Gd,0,1993,2008,Gable,Con
145250,1383,6,Normal,1Fam,1960,1,11600,TA,TA,0,1960,2006,Hip,WD
214500,2134,6,Normal,1Fam,1916,2,11888,Gd,Gd,0,1994,2009,Gable,WD
78000,1192,5,Normal,1Fam,1920,1,6402,TA,TA,0,1950,2009,Gable,WD
119000,1728,5,Normal,Duplex,1964,1,10624,TA,TA,0,1964,2007,Gable,WD
139000,1056,5,Normal,1Fam,1958,1,8176,Fa,TA,0,1992,2007,Gable,WD
284000,1629,8,Normal,1Fam,2003,3,10655,Ex,Gd,0,2004,2009,Gable,WD
207000,1358,7,Normal,TwnhsE,2004,2,8198,Ex,Gd,0,2004,2008,Gable,WD
192000,1638,6,Normal,1Fam,1998,2,9042,Gd,TA,0,1998,2008,Gable,WD
228950,1786,5,Normal,2fmCon,1965,2,164660,Ex,TA,700,1965,2008,Gable,WD
377426,1922,9,Normal,1Fam,2005,3,14157,Ex,Gd,0,2006,2007,Hip,WD
214000,1536,7,Normal,1Fam,2002,2,9135,Ex,Gd,0,2003,2008,Gable,WD
202500,1621,7,Normal,1Fam,1984,2,14145,Ex,Gd,400,1998,2006,Gable,WD
155000,1215,6,Normal,1Fam,1958,1,12400,TA,TA,0,1998,2009,Hip,WD
202900,1908,8,Normal,1Fam,2002,2,14191,Ex,Gd,0,2002,2010,Gable,WD
82000,841,4,Normal,1Fam,1950,1,8400,Gd,TA,0,1950,2009,Gable,WD
87500,1040,3,Normal,Duplex,1949,2,8544,Fa,TA,0,1950,2006,Gable,WD
266000,1684,9,Normal,TwnhsE,2005,2,8849,Ex,Ex,0,2005,2008,Hip,WD
85000,1112,5,Normal,TwnhsE,1976,1,2592,TA,TA,0,1976,2010,Gable,WD
140200,1577,6,Normal,1Fam,1939,1,6435,Gd,Fa,0,1950,2006,Gable,WD
151500,958,6,Normal,1Fam,1960,1,12772,TA,TA,15500,1998,2007,Hip,WD
157500,1478,6,Normal,1Fam,1960,2,17600,Ex,TA,0,1960,2009,Gable,WD
154000,1626,7,Normal,Twnhs,2003,2,2448,Ex,Gd,0,2004,2008,Gable,WD
437154,2728,9,Partial,1Fam,2005,3,20431,Ex,Ex,0,2006,2006,Hip,New
318061,1869,9,Partial,TwnhsE,2007,2,7820,Ex,Ex,0,2007,2007,Hip,New
190000,1453,7,Abnorml,1Fam,1986,2,5271,Gd,Gd,0,1986,2006,Gable,WD
95000,1111,5,Normal,1Fam,1941,1,9084,TA,TA,0,1950,2008,Gable,ConLw
105900,720,6,Normal,1Fam,1928,2,8520,Gd,TA,0,2003,2010,Gable,WD
140000,1595,6,Normal,1Fam,1940,1,8400,Ex,TA,0,2000,2006,Gable,WD
177500,1200,6,Normal,1Fam,1995,2,11249,Ex,Gd,0,1995,2007,Gable,WD
173000,1167,6,Normal,1Fam,1992,2,9248,Gd,Gd,0,1992,2009,Gable,WD
134000,1142,5,Normal,TwnhsE,1976,2,4224,TA,TA,0,1976,2007,Gable,WD
130000,1352,5,Abnorml,1Fam,1958,1,6930,Ex,Gd,0,1958,2006,Hip,WD
280000,1924,8,Normal,1Fam,1998,2,12011,Ex,Gd,0,1998,2006,Gable,WD
156000,912,6,Normal,1Fam,1978,2,7540,Ex,TA,0,1978,2007,Gable,WD
145000,1505,5,Normal,1Fam,1940,1,9144,Gd,TA,0,1982,2008,Gable,WD
198500,1922,7,Normal,1Fam,2003,2,7301,Ex,Gd,0,2003,2009,Gable,ConLD
118000,987,6,Normal,Twnhs,1972,1,1680,Gd,Gd,0,2007,2009,Gable,WD
190000,1574,6,Normal,1Fam,1976,2,18800,TA,TA,0,1976,2006,Gable,WD
147000,1344,5,Normal,1Fam,1920,1,10690,Gd,TA,0,1997,2009,Hip,WD
159000,1394,6,Normal,1Fam,1963,2,9500,Gd,TA,0,1963,2009,Gable,WD
165000,1431,6,Normal,1Fam,1962,1,9150,Gd,TA,0,1962,2008,Gable,WD
132000,1268,5,Normal,1Fam,1954,1,7800,Gd,TA,0,1954,2010,Gable,WD
162000,1287,5,Normal,1Fam,1959,2,9830,Ex,Gd,0,2006,2010,Gable,WD
172400,1664,6,Normal,1Fam,2000,2,8121,Ex,TA,0,2000,2006,Gable,WD
134432,1588,4,Normal,1Fam,1959,2,17120,TA,TA,0,1959,2008,Gable,WD
125000,752,6,Normal,TwnhsE,1984,1,7175,TA,TA,0,1984,2010,Gable,WD
123000,1319,5,Normal,1Fam,1953,1,10634,TA,TA,0,1953,2009,Gable,WD
219500,1928,7,Normal,1Fam,2003,2,8200,Ex,Gd,0,2004,2007,Gable,WD
61000,904,1,Normal,1Fam,1922,0,10020,Gd,Fa,0,1950,2009,Gable,WD
148000,914,5,Normal,1Fam,1996,2,8846,Ex,TA,0,1996,2006,Gable,WD
340000,2466,8,Normal,1Fam,2004,2,11143,Ex,Gd,0,2005,2007,Gable,WD
394432,1856,9,Partial,1Fam,2010,3,11394,Ex,Ex,0,2010,2010,Hip,New
179000,1800,6,Normal,1Fam,2000,2,8123,Ex,TA,0,2000,2009,Gable,WD
127000,1691,5,Normal,1Fam,1924,1,5000,TA,Gd,0,1950,2010,Gable,WD
187750,1301,7,Partial,1Fam,2006,2,7200,Ex,Gd,0,2006,2006,Gable,New
213500,1797,7,Normal,1Fam,2006,2,9245,Ex,Gd,0,2006,2007,Gable,WD
76000,784,6,Normal,1Fam,1928,2,9000,TA,TA,0,1950,2009,Gable,WD
240000,1953,6,Normal,1Fam,1992,2,53107,Ex,Gd,0,1992,2007,Gable,WD
192000,1269,8,Normal,TwnhsE,2004,2,3182,Ex,Gd,0,2005,2010,Gable,WD
81000,1184,5,AdjLand,1Fam,1910,0,8410,TA,TA,0,1996,2006,Gambrel,WD
125000,1125,6,Abnorml,1Fam,1976,1,7200,Ex,TA,0,1976,2009,Hip,WD
191000,1479,7,Normal,1Fam,1999,2,9382,Ex,Gd,0,2000,2008,Gable,WD
426000,2332,10,Partial,1Fam,2007,3,12474,Ex,Ex,0,2008,2008,Gable,New
119000,1367,5,Normal,1Fam,1900,1,8405,Ex,TA,0,1950,2008,Gable,WD
215000,1961,6,Normal,1Fam,2001,2,12209,Ex,Gd,0,2002,2009,Gable,WD
106500,882,5,Normal,1Fam,1959,1,8339,TA,TA,1200,1959,2007,Gable,WD
100000,788,4,Abnorml,1Fam,1941,0,7446,TA,TA,0,1950,2006,Gable,WD
109000,1034,5,Normal,1Fam,1940,1,10134,Gd,TA,0,1950,2007,Gable,WD
129000,1144,5,Normal,1Fam,1956,1,9571,TA,TA,0,1956,2010,Gable,WD
123000,894,5,Normal,1Fam,1972,2,7200,TA,TA,0,1972,2009,Hip,WD
169500,1812,5,Normal,1Fam,1962,1,7590,TA,TA,0,1962,2007,Gable,WD
67000,1077,5,Abnorml,1Fam,1920,1,8967,Gd,TA,0,1950,2007,Gable,WD
241000,1550,7,Normal,1Fam,2006,2,8125,Ex,Gd,0,2007,2009,Gable,WD
245500,1288,8,Normal,TwnhsE,1996,2,14963,Ex,Ex,0,1996,2008,Gable,WD
164990,1310,7,Partial,1Fam,2005,2,8767,Ex,Gd,0,2005,2006,Gable,New
108000,672,5,Normal,1Fam,1940,1,10200,Ex,TA,0,1997,2008,Gable,WD
258000,2263,8,Abnorml,1Fam,1998,2,12090,Gd,Gd,0,1998,2006,Hip,WD
168000,1572,6,Normal,1Fam,1995,2,10364,Gd,TA,0,1996,2007,Gable,WD
150000,1620,4,Normal,1Fam,1976,2,9991,Ex,TA,0,1993,2009,Gable,WD
115000,1639,6,Normal,1Fam,1936,1,10480,Ex,TA,0,1950,2008,Gable,WD
177000,1680,6,Normal,1Fam,1915,1,15576,Ex,TA,0,1976,2008,Gable,WD
280000,2172,7,Partial,1Fam,2006,3,14154,Ex,Gd,0,2006,2007,Gable,New
339750,2078,8,Partial,1Fam,2007,3,10800,Ex,Ex,0,2008,2008,Gable,New
60000,1276,5,Abnorml,1Fam,1958,1,9571,TA,TA,0,1958,2009,Gable,COD
145000,1056,5,Normal,2fmCon,1955,2,34650,TA,TA,0,1955,2006,Hip,WD
222000,1478,7,Partial,1Fam,2009,2,4403,Ex,Gd,0,2009,2010,Gable,New
115000,1028,5,Normal,1Fam,1927,2,8960,Gd,TA,0,1950,2010,Gable,WD
228000,2097,7,Normal,1Fam,1993,3,11228,Ex,Gd,0,1993,2008,Gable,WD
181134,1340,7,Partial,1Fam,2007,2,8899,Ex,Gd,0,2007,2007,Gable,New
149500,1400,6,Normal,1Fam,1978,2,7844,TA,TA,0,1978,2006,Hip,WD
239000,2624,6,Normal,1Fam,1918,3,22420,TA,TA,0,1950,2007,Hip,WD
126000,1134,5,AdjLand,1Fam,1940,1,8160,Fa,TA,0,1950,2007,Gable,WD
142000,1056,5,Normal,1Fam,1968,1,8450,Ex,TA,0,1968,2010,Gable,WD
206300,1344,7,Alloca,Duplex,1997,4,7060,Ex,TA,0,1998,2008,Gable,WD
215000,1602,6,Normal,1Fam,1977,2,16635,Gd,Gd,0,2000,2009,Gable,WD
113000,988,5,Normal,1Fam,1954,2,21750,Ex,TA,0,1954,2008,Hip,WD
315000,2630,8,Normal,1Fam,1998,3,9200,Gd,Gd,0,1998,2008,Gable,WD
139000,1196,6,Normal,1Fam,1956,1,9000,Gd,TA,0,1956,2008,Gable,WD
135000,1389,7,Normal,1Fam,1946,1,3378,Gd,TA,0,1992,2009,Gable,WD
275000,1644,7,Normal,1Fam,1989,2,12800,Gd,Gd,0,1989,2009,Gable,WD
109008,907,4,Normal,1Fam,1957,1,8593,Ex,TA,0,1957,2008,Hip,WD
195400,1208,7,Partial,1Fam,2007,2,6762,Ex,Gd,0,2007,2007,Gable,New
175000,1412,6,Normal,1Fam,1988,2,11457,TA,Gd,0,1988,2009,Gable,WD
85400,987,6,Abnorml,Twnhs,1971,1,1680,TA,TA,0,1971,2008,Gable,COD
79900,1198,6,Abnorml,1Fam,1920,0,5586,Gd,TA,0,1998,2008,Gable,ConLD
122500,1365,5,Normal,TwnhsE,1971,2,1920,Ex,TA,0,1971,2007,Gable,WD
181000,1604,6,Normal,1Fam,1997,2,10839,Ex,TA,0,1998,2008,Gable,WD
81000,630,4,Normal,Twnhs,1972,0,1890,Gd,TA,0,1972,2008,Gable,WD
212000,1661,7,Normal,1Fam,1996,2,10667,Ex,Gd,0,1996,2009,Gable,ConLw
116000,1118,6,Normal,1Fam,1920,2,4400,TA,TA,0,1950,2006,Gable,WD
119000,904,6,Normal,1Fam,1926,1,6000,Gd,TA,0,2004,2009,Gable,WD
90350,694,5,Normal,1Fam,1913,1,4280,TA,Gd,0,2002,2007,Gable,WD
110000,1196,6,Normal,1Fam,1920,2,12354,Gd,Gd,800,2000,2009,Gable,ConLI
555000,2402,10,Normal,1Fam,2008,3,15431,Ex,Ex,0,2008,2009,Hip,WD
118000,1440,4,Normal,Duplex,1955,0,12108,TA,Fa,0,1955,2008,Gable,WD
162900,1573,5,Normal,1Fam,1930,2,6240,TA,TA,0,1992,2008,Gable,WD
172500,1258,7,Partial,TwnhsE,2006,3,3922,Ex,Gd,0,2007,2007,Gable,New
210000,1908,7,Normal,1Fam,1994,2,8750,Ex,Gd,0,1995,2008,Gable,WD
127500,1689,6,Normal,1Fam,1956,2,9855,Fa,TA,0,1956,2009,Hip,COD
190000,1888,6,Normal,1Fam,1966,2,16492,Ex,Gd,0,2002,2010,Gable,WD
199900,1886,7,Normal,1Fam,1998,2,11214,Gd,Gd,0,1999,2006,Gable,WD
119500,1376,6,Normal,1Fam,1937,1,8600,TA,TA,0,1950,2006,Gable,WD
120000,1183,3,Normal,1Fam,1948,1,6000,Ex,TA,0,2002,2007,Gable,WD
110000,813,6,Normal,1Fam,1930,1,5684,Ex,Gd,0,2005,2006,Hip,WD
280000,1533,7,Normal,1Fam,1975,2,70761,TA,Gd,0,1975,2006,Gable,WD
204000,1756,6,Normal,1Fam,1996,2,9303,Ex,TA,0,1997,2007,Hip,WD
210000,1590,8,Normal,1Fam,2008,2,9000,Ex,Gd,0,2008,2009,Gable,WD
188000,1728,5,Family,Duplex,1976,2,9297,TA,TA,0,1976,2006,Gable,WD
175500,1242,7,Normal,1Fam,1973,2,9600,Fa,TA,0,1973,2007,Hip,WD
98000,1344,5,Abnorml,1Fam,1916,3,4571,Fa,TA,0,1950,2008,Gable,COD
256000,1663,4,Normal,1Fam,1954,2,53227,Ex,Gd,0,1994,2008,Flat,WD
161000,1666,8,Normal,1Fam,1925,1,5100,Fa,Gd,0,1996,2008,Hip,WD
110000,1203,5,Normal,1Fam,1950,1,7015,TA,Gd,0,1950,2009,Gable,WD
263435,1935,8,Partial,1Fam,2009,2,8004,Ex,TA,0,2009,2009,Gable,New
155000,1135,7,Normal,1Fam,1936,2,7200,Ex,Gd,0,2007,2009,Gable,WD
62383,864,5,Normal,1Fam,1965,1,8281,Gd,TA,0,1965,2009,Gable,WD
188700,1660,6,Normal,1Fam,1934,1,11988,Fa,TA,0,1995,2008,Hip,WD
124000,1040,5,Normal,1Fam,1978,0,8430,TA,TA,0,1978,2009,Gable,WD
178740,1414,7,Normal,TwnhsE,2004,2,3072,Ex,Gd,0,2004,2006,Hip,WD
167000,1277,7,Normal,1Fam,1970,2,10628,TA,TA,0,1970,2007,Flat,WD
146500,1644,5,Normal,1Fam,1942,1,9480,Ex,Gd,0,1995,2007,Gable,WD
250000,1634,8,Normal,1Fam,2006,3,11428,Ex,Gd,0,2006,2007,Gable,WD
187000,1710,6,Normal,1Fam,1993,2,9291,Ex,Gd,0,1993,2008,Gable,WD
212000,1502,8,Normal,TwnhsE,1985,2,6820,TA,Gd,0,1985,2010,Gable,WD
190000,1969,7,Normal,1Fam,1977,2,11952,TA,TA,0,1977,2007,Mansard,WD
148000,1072,6,Normal,TwnhsE,2005,2,3675,Ex,TA,0,2005,2008,Gable,WD
440000,1976,8,Partial,1Fam,2006,3,14977,Ex,Gd,0,2007,2007,Gable,New
251000,1652,8,Normal,TwnhsE,2000,2,5330,Ex,Ex,0,2000,2007,Gable,WD
132500,970,5,Normal,1Fam,1963,2,8480,TA,TA,0,1963,2007,Hip,WD
208900,1493,6,Normal,1Fam,1997,2,13125,Ex,Gd,0,1998,2008,Gable,WD
380000,2643,9,Normal,1Fam,2006,3,13693,Ex,Ex,0,2006,2007,Hip,WD
297000,1718,8,Normal,1Fam,2007,3,10637,Ex,Gd,0,2008,2009,Hip,WD
89471,1131,4,Alloca,1Fam,1937,2,5925,TA,TA,0,2000,2007,Hip,WD
326000,1850,9,Normal,1Fam,2004,3,16033,Ex,Gd,0,2005,2006,Hip,WD
374000,1792,9,Normal,1Fam,2003,3,11846,Ex,Ex,0,2004,2006,Hip,WD
155000,1826,7,Normal,1Fam,1915,1,2500,Ex,Ex,0,2005,2009,Gable,WD
164000,1216,6,Normal,Twnhs,1998,2,4500,Ex,TA,0,1998,2006,Hip,WD
132500,999,5,Normal,1Fam,1962,1,7758,Gd,Gd,0,2001,2007,Gable,WD
147000,1113,5,Normal,1Fam,1950,1,9600,Gd,Gd,0,2007,2009,Gable,WD
156000,1073,5,Normal,1Fam,1965,2,10289,TA,TA,0,1965,2007,Hip,WD
175000,1484,5,Normal,1Fam,1971,2,12243,Gd,TA,0,1971,2007,Gable,WD
160000,2414,5,Normal,2fmCon,1900,2,10800,TA,TA,0,1970,2006,Gable,ConLD
86000,630,4,Normal,Twnhs,1970,1,1526,TA,Gd,0,2002,2009,Gable,WD
115000,1304,5,Normal,TwnhsE,1976,1,2665,TA,TA,0,1976,2008,Gable,WD
133000,1578,6,Normal,1Fam,1941,1,9490,TA,Fa,0,1950,2006,Gable,WD
172785,1456,6,Partial,1Fam,2006,2,15578,Gd,TA,0,2006,2006,Gable,New
155000,1269,5,Normal,1Fam,1960,1,7931,TA,TA,0,1960,2008,Gable,WD
91300,886,5,Normal,1Fam,1938,1,5784,Gd,TA,0,1996,2009,Gable,WD
34900,720,4,Abnorml,1Fam,1920,0,7879,TA,TA,0,1950,2009,Gable,WD
430000,3228,8,Normal,1Fam,1992,2,12692,Ex,Gd,0,1993,2007,Hip,WD
184000,1820,7,Normal,1Fam,1925,1,9120,Ex,TA,0,1950,2008,Gable,WD
130000,899,5,Normal,1Fam,1967,1,7800,Ex,Gd,0,2004,2009,Hip,WD
120000,912,5,Normal,1Fam,1958,1,7535,Fa,TA,480,1985,2007,Gable,WD
113000,1218,6,Normal,Twnhs,1973,1,1890,TA,TA,0,1973,2007,Gable,WD
226700,1768,7,Normal,1Fam,2005,2,9803,Gd,Gd,0,2005,2008,Gable,WD
140000,1214,5,Normal,1Fam,1965,2,9170,Ex,TA,400,1965,2007,Hip,WD
289000,1801,7,Normal,1Fam,1959,2,15602,TA,TA,0,1997,2010,Gable,WD
147000,1322,6,Normal,TwnhsE,1974,2,2308,TA,TA,0,1974,2009,Gable,WD
124500,1960,5,Normal,Duplex,1952,2,7596,Gd,TA,0,1952,2009,Hip,COD
215000,1911,8,Normal,1Fam,1993,2,9554,Ex,Gd,0,1994,2006,Gable,WD
208300,1218,6,Partial,1Fam,2009,2,7862,Ex,Gd,0,2009,2009,Gable,New
161000,1378,7,Normal,1Fam,1928,2,9600,Ex,Gd,0,2005,2008,Gambrel,WD
124500,1041,5,Normal,1Fam,1959,1,9600,Ex,TA,0,1959,2009,Gable,WD
164900,1363,5,Normal,1Fam,1951,1,14559,Ex,TA,2000,2000,2009,Hip,WD
202665,1368,7,Partial,TwnhsE,2005,2,6792,Ex,Gd,0,2006,2006,Gable,New
129900,864,5,Normal,1Fam,1958,2,9100,TA,TA,0,1958,2006,Gable,WD
134000,1080,6,Normal,1Fam,1983,2,9187,TA,TA,0,1983,2007,Gable,WD
96500,789,5,Normal,1Fam,1926,1,10594,Fa,TA,0,1950,2007,Gable,WD
402861,2020,10,Partial,1Fam,2009,3,12220,Ex,Ex,0,2009,2009,Hip,New
158000,2119,6,Abnorml,1Fam,1972,2,10448,TA,TA,0,1972,2009,Gable,COD
265000,2344,7,Normal,1Fam,1996,3,10208,Ex,Gd,0,1997,2009,Gable,WD
211000,1796,6,Normal,1Fam,1998,2,9531,Ex,TA,0,1998,2007,Gable,WD
234000,2080,7,Normal,1Fam,1926,1,10918,Ex,Gd,0,2004,2009,Gambrel,WD
106250,1294,4,Normal,2fmCon,1900,0,10800,TA,TA,0,2000,2008,Gable,WD
150000,1244,6,Normal,1Fam,1957,1,11988,Ex,TA,0,1957,2007,Gable,WD
159000,1664,6,Normal,1Fam,1947,2,5000,Ex,TA,0,1950,2006,Gable,WD
184750,4676,10,Partial,1Fam,2007,3,40094,Ex,Ex,0,2008,2007,Hip,New
315750,2398,7,Normal,1Fam,1996,3,11787,Ex,Gd,0,1997,2007,Gable,WD
176000,1266,7,Normal,1Fam,2005,2,7500,Ex,Gd,0,2005,2006,Gable,WD
132000,928,5,Normal,1Fam,1956,1,13300,TA,TA,0,2000,2007,Hip,WD
446261,2713,9,Partial,1Fam,2008,3,14948,Ex,Ex,0,2008,2008,Hip,New
86000,605,4,Normal,1Fam,1920,0,9098,Ex,TA,0,2002,2007,Gable,WD
200624,2515,6,Alloca,1Fam,1957,2,32668,TA,TA,0,1975,2007,Hip,WD
175000,1509,6,Abnorml,1Fam,1988,2,10200,Ex,Gd,0,1989,2008,Gable,WD
128000,1362,6,Normal,1Fam,1920,2,6155,Ex,TA,0,1999,2008,Gable,WD
107500,827,5,Normal,1Fam,1955,1,7200,Ex,TA,0,2007,2010,Gable,WD
39300,334,1,Normal,1Fam,1946,0,5000,Fa,Fa,0,1950,2007,Gable,WD
178000,1414,8,Normal,1Fam,2004,2,9056,Ex,Gd,0,2004,2006,Gable,WD
107500,1347,5,Normal,2fmCon,1910,0,7000,TA,TA,0,1991,2008,Gable,WD
188000,1724,7,Normal,1Fam,1998,2,8924,Ex,Gd,0,1999,2008,Gable,WD
111250,864,4,Normal,1Fam,1972,2,12735,TA,TA,0,1972,2008,Hip,COD
158000,1159,5,Normal,1Fam,1968,1,11553,TA,TA,0,1968,2006,Hip,WD
272000,1601,8,Normal,1Fam,2001,2,11423,Ex,Gd,2000,2002,2010,Gable,WD
315000,1838,9,Normal,1Fam,2006,3,14601,Ex,Ex,0,2006,2009,Hip,WD
248000,2285,8,Normal,1Fam,2000,3,11000,Ex,Gd,0,2000,2007,Gable,WD
213250,1680,7,Normal,1Fam,1998,2,10140,Ex,Gd,0,1999,2009,Hip,WD
133000,767,7,Normal,TwnhsE,1998,1,4058,Ex,TA,0,1998,2007,Gable,WD
179665,1496,7,Partial,1Fam,2006,2,17104,Ex,Gd,0,2006,2006,Gable,New
229000,2183,7,Normal,1Fam,1988,3,13837,Gd,Gd,0,1988,2006,Gable,WD
210000,1635,6,Normal,1Fam,1923,2,8737,Ex,TA,0,1950,2007,Gable,WD
129500,768,5,Normal,1Fam,1970,2,7244,Ex,TA,0,1970,2007,Gable,WD
125000,825,5,Normal,1Fam,1955,2,8235,TA,TA,0,1995,2008,Gable,WD
263000,2094,7,Normal,1Fam,2003,2,9375,Ex,Gd,0,2004,2009,Gable,WD
140000,1069,6,Abnorml,TwnhsE,1977,2,4043,TA,TA,0,1977,2008,Gable,COD
112500,928,5,Normal,1Fam,1957,1,6000,Gd,TA,0,1957,2008,Hip,WD
255500,1717,8,Normal,1Fam,2006,3,11146,Ex,Gd,0,2006,2009,Gable,WD
108000,1126,4,Normal,1Fam,1949,2,8777,Ex,Gd,0,2003,2009,Gable,WD
284000,2046,7,Normal,1Fam,2003,3,10625,Ex,Gd,0,2004,2008,Gable,WD
113000,1048,5,Normal,1Fam,1922,1,6380,TA,TA,0,1950,2006,Gable,WD
141000,1092,5,Normal,1Fam,1957,1,14850,TA,TA,0,1957,2006,Gable,WD
108000,1336,4,Normal,1Fam,1920,1,11040,Gd,TA,0,1950,2006,Gable,COD
175000,1446,7,Normal,1Fam,1996,2,21872,Ex,TA,0,1997,2008,Gable,WD
234000,1557,7,Normal,TwnhsE,2003,2,3196,Ex,Gd,0,2004,2006,Gable,WD
121500,1392,5,Normal,1Fam,1957,2,11341,TA,TA,0,1996,2010,Hip,WD
170000,1389,5,Normal,1Fam,1974,2,10010,Gd,TA,0,1975,2006,Gable,WD
108000,996,5,Normal,1Fam,1940,0,13907,Ex,TA,0,1969,2008,Gable,WD
185000,1674,6,Normal,1Fam,1918,2,21780,Ex,TA,0,1950,2008,Gable,WD
268000,2295,7,Normal,1Fam,1992,2,13346,Ex,Gd,0,2000,2006,Gable,WD
128000,1647,6,Normal,1Fam,1915,1,6858,TA,Fa,0,1950,2010,Gable,WD
325000,2504,9,Normal,1Fam,2005,3,11198,Ex,Ex,0,2007,2008,Hip,WD
214000,1535,7,Normal,1Fam,2004,2,10171,Ex,Gd,0,2004,2010,Gable,WD
316600,2132,8,Normal,1Fam,1983,2,12327,Ex,Gd,0,2009,2009,Gable,WD
135960,943,5,Normal,Duplex,1979,2,7032,TA,TA,0,1979,2006,Gable,WD
142600,1728,5,Normal,Duplex,1965,2,13101,TA,TA,0,1965,2008,Gable,WD
120000,864,6,Abnorml,1Fam,1959,1,7332,Ex,Gd,0,1959,2006,Gable,WD
224500,1692,7,Partial,1Fam,2009,2,13159,Gd,Gd,0,2009,2009,Gable,New
170000,1430,7,Normal,1Fam,2000,2,9967,Ex,TA,0,2000,2007,Gable,WD
139000,1109,5,Normal,1Fam,1971,1,10500,TA,TA,0,2005,2007,Gambrel,WD
118500,1216,5,Abnorml,1Fam,1947,1,8480,TA,TA,0,1950,2008,Gable,COD
145000,1477,7,Normal,1Fam,1928,1,6292,Gd,TA,0,1950,2009,Gable,WD
164500,1320,5,Abnorml,1Fam,1966,2,11777,Ex,TA,0,1966,2006,Gable,WD
146000,1392,7,Abnorml,TwnhsE,2007,2,3604,Ex,Gd,0,2007,2008,Gable,WD
131500,1795,5,Normal,1Fam,1954,1,12150,Ex,TA,0,1954,2008,Gable,WD
181900,1429,6,Normal,1Fam,1960,2,14585,Ex,Gd,0,1987,2007,Gable,WD
253293,2042,8,Partial,1Fam,2008,3,12704,Ex,Ex,0,2009,2009,Hip,New
118500,816,6,Normal,Duplex,1990,0,11841,TA,TA,0,1990,2007,Gable,WD
325000,2775,10,Normal,1Fam,1893,2,13500,Gd,Gd,0,2000,2008,Gable,WD
133000,1573,4,Normal,1Fam,1935,1,6120,Ex,Gd,0,1995,2009,Gable,WD
369900,2028,8,Partial,1Fam,2005,3,11443,Ex,Gd,0,2006,2006,Hip,New
130000,838,6,Normal,1Fam,1918,1,10267,Ex,Fa,0,2000,2008,Gable,WD
137000,860,5,Normal,1Fam,1982,2,8740,TA,TA,0,1982,2009,Hip,WD
143000,1473,5,Partial,1Fam,1968,1,25095,Ex,Ex,0,2003,2009,Flat,WD
79500,935,5,Normal,1Fam,1930,1,9100,TA,TA,600,1960,2008,Gable,WD
185900,1582,7,Normal,1Fam,2004,2,8320,Ex,Gd,0,2004,2008,Gable,WD
451950,2296,10,Normal,1Fam,2008,3,13478,Ex,Ex,0,2008,2009,Gable,ConLI
138000,816,5,Normal,1Fam,1982,2,6600,Ex,TA,0,2003,2008,Gable,WD
140000,848,6,Normal,TwnhsE,2003,2,4435,Ex,Gd,0,2003,2009,Gable,WD
110000,924,5,Normal,1Fam,1975,1,7990,TA,TA,0,1975,2008,Hip,WD
319000,1826,8,Partial,1Fam,2005,3,11302,Ex,Gd,0,2006,2006,Gable,New
114504,1368,6,Normal,1Fam,1910,1,3600,Ex,TA,0,1993,2006,Gable,WD
194201,1402,7,Partial,TwnhsE,2006,3,3922,Ex,Gd,0,2007,2007,Gable,New
217500,1647,5,Normal,1Fam,1977,2,12984,Ex,Gd,0,1977,2006,Gable,WD
151000,1556,6,Normal,Twnhs,1980,2,1950,TA,TA,0,1980,2008,Gable,COD
275000,1904,8,Normal,1Fam,2005,2,10927,Ex,Ex,0,2005,2006,Gable,WD
141000,1375,6,Normal,1Fam,1937,1,9000,TA,Gd,0,1950,2007,Gable,WD
220000,1915,8,Abnorml,1Fam,1992,2,10041,Ex,Gd,0,1992,2006,Gable,WD
151000,1200,7,Normal,TwnhsE,2004,2,3182,Ex,Gd,0,2005,2010,Gable,WD
221000,1494,7,Normal,1Fam,2002,2,12803,Ex,Gd,0,2002,2008,Gable,WD
205000,1986,7,Normal,1Fam,1965,2,13600,TA,TA,0,1990,2009,Gable,WD
152000,1040,5,Normal,1Fam,1996,2,12464,Gd,Gd,0,1996,2009,Gable,WD
225000,2008,5,Normal,1Fam,1948,1,7800,Ex,Ex,0,2002,2006,Gable,WD
359100,3194,8,Alloca,1Fam,1934,2,12168,TA,TA,0,1998,2007,Gable,WD
118500,1029,4,Normal,1Fam,1961,1,7943,Gd,TA,0,1961,2007,Gable,WD
313000,2153,9,Normal,1Fam,2000,3,11050,Ex,Ex,0,2000,2009,Hip,WD
148000,1032,6,Normal,1Fam,1978,2,10395,TA,TA,500,1978,2007,Gable,WD
261500,1872,8,Normal,1Fam,2001,2,11885,Ex,Ex,0,2001,2009,Gable,WD
147000,1120,5,Partial,1Fam,2007,0,8402,Ex,TA,0,2007,2007,Gable,New
75500,630,4,Normal,TwnhsE,1972,0,1491,Ex,TA,0,1972,2010,Gable,WD
137500,1054,6,Abnorml,1Fam,1963,2,8800,Ex,Gd,0,1963,2010,Gable,WD
183200,1509,6,Normal,1Fam,2002,2,7861,Ex,Gd,0,2003,2006,Gable,WD
105500,832,6,Normal,1Fam,1954,2,7227,Gd,Gd,0,1954,2008,Gable,WD
314813,1828,9,Partial,1Fam,2007,3,11694,Ex,Gd,0,2007,2007,Hip,New
305000,2262,8,Normal,1Fam,2003,3,12244,Ex,Gd,0,2003,2008,Hip,WD
67000,864,3,Normal,1Fam,1914,0,8248,TA,TA,0,1950,2008,Gable,WD
240000,2614,6,Normal,1Fam,1974,2,10800,TA,TA,0,1997,2008,Gable,WD
135000,980,5,Normal,1Fam,1977,2,7064,TA,TA,0,1977,2009,Gable,WD
168500,1512,6,Normal,TwnhsE,2000,2,2117,Ex,Gd,0,2000,2007,Gable,WD
165150,1790,6,Normal,1Fam,1972,2,10400,Gd,TA,0,1972,2006,Gable,WD
160000,1116,6,Normal,1Fam,1962,2,10000,TA,TA,0,1962,2010,Hip,WD
139900,1422,5,Normal,1Fam,1960,1,12342,TA,TA,600,1978,2007,Hip,WD
153000,1520,6,Normal,1Fam,1955,1,9600,Ex,TA,0,1972,2010,Gable,WD
135000,2080,5,Family,1Fam,1969,2,11606,TA,Fa,0,1969,2007,Gable,WD
168500,1350,6,Normal,1Fam,1964,2,9020,TA,TA,0,1964,2008,Gable,WD
124000,1750,5,Abnorml,1Fam,1880,1,9000,TA,Ex,0,1991,2006,Gable,WD
209500,1554,8,Normal,Twnhs,2006,2,4590,Ex,Gd,0,2006,2007,Gable,WD
82500,1411,7,Family,1Fam,1977,2,11900,TA,TA,0,1977,2009,Hip,WD
139400,1056,5,Normal,1Fam,1954,1,9250,TA,TA,0,2005,2007,Gable,WD
144000,1056,6,Normal,Duplex,1980,2,6979,Gd,TA,600,1980,2010,Gable,WD
200000,3395,6,Abnorml,2fmCon,1914,0,10896,Ex,Fa,0,1995,2007,Hip,WD
60000,800,2,Normal,1Fam,1936,0,6120,Fa,Fa,0,1950,2009,Gable,ConLw
93000,1387,5,Normal,2fmCon,1954,1,6000,TA,Gd,0,1954,2009,Gable,WD
85000,796,5,Normal,1Fam,1910,0,8777,Gd,TA,0,1950,2008,Gable,WD
264561,1567,8,Partial,TwnhsE,2006,3,3982,Ex,Ex,0,2006,2006,Hip,New
274000,1518,8,Normal,TwnhsE,2003,2,12677,Ex,Ex,0,2004,2008,Hip,WD
226000,1929,7,Normal,1Fam,2001,2,7050,Ex,Gd,0,2001,2007,Gable,WD
345000,2704,8,Normal,1Fam,1972,2,13860,Gd,Ex,0,1995,2009,Gable,WD
152000,1620,5,Normal,1Fam,1969,2,10793,Ex,TA,0,1969,2007,Mansard,WD
370878,1766,9,Partial,1Fam,2009,3,9187,Ex,Ex,0,2009,2009,Gable,New
143250,981,6,Normal,1Fam,1971,2,10530,TA,TA,0,1971,2007,Hip,WD
98300,1048,5,Normal,1Fam,1950,2,7200,Gd,TA,0,1950,2008,Hip,WD
155000,1094,6,Normal,1Fam,1953,2,10452,Ex,TA,0,1953,2008,Hip,WD
155000,1839,6,Normal,1Fam,1966,2,7700,TA,TA,0,1966,2010,Gable,WD
84500,630,4,Normal,Twnhs,1970,0,1936,Gd,TA,0,1970,2007,Gable,WD
205950,1665,7,Normal,1Fam,2007,2,8125,Ex,Gd,0,2007,2008,Gable,WD
108000,1510,4,Normal,1Fam,1940,1,9084,TA,TA,0,1950,2009,Gable,WD
191000,1716,7,Normal,1Fam,1996,2,8750,Ex,Gd,0,1996,2009,Gable,WD
135000,1469,6,Normal,1Fam,1906,1,10320,Ex,TA,0,1995,2008,Gable,WD
350000,2113,8,Normal,1Fam,1995,3,10437,Ex,Gd,0,1995,2008,Hip,WD
88000,1092,6,Family,Twnhs,1971,1,1680,TA,TA,0,1971,2010,Gable,WD
145500,1053,5,Normal,1Fam,1959,1,10007,Ex,Gd,0,2006,2008,Gable,WD
149000,1502,7,Normal,1Fam,1931,1,7200,TA,TA,0,2000,2008,Gable,WD
97500,1458,6,Abnorml,1Fam,1948,1,17503,TA,TA,0,1950,2010,Gable,WD
167000,1486,5,Normal,1Fam,1964,2,9937,Ex,TA,0,1999,2009,Hip,WD
197900,1935,7,Normal,1Fam,1976,2,12384,TA,TA,0,1976,2007,Gable,WD
402000,2448,8,Normal,1Fam,1994,3,46589,Ex,Gd,0,2005,2009,Hip,WD
110000,1392,6,Normal,1Fam,1968,2,13560,Gd,TA,0,1968,2009,Hip,WD
137500,1181,4,Normal,1Fam,1972,2,10012,TA,TA,0,1972,2008,Gable,WD
423000,2097,8,Partial,1Fam,2005,3,20896,Ex,Ex,0,2006,2006,Gable,New
230500,1936,8,Normal,1Fam,2000,2,11194,Ex,Gd,0,2000,2006,Gable,WD
129000,2380,6,Abnorml,1Fam,1965,2,18450,TA,TA,0,1979,2007,Flat,WD
193500,1679,6,Normal,1Fam,1994,2,8125,Ex,Gd,0,1998,2008,Gable,WD
168000,1437,5,Normal,1Fam,1956,2,14175,Gd,TA,0,1987,2006,Gable,WD
137500,1180,4,Normal,1Fam,1922,1,11600,Ex,Fa,0,1950,2006,Gable,WD
173500,1476,6,Normal,1Fam,2005,2,8633,Ex,Gd,0,2005,2009,Gable,WD
103600,1369,6,Normal,1Fam,1925,1,6629,TA,TA,0,1950,2009,Gambrel,WD
165000,1208,6,Normal,1Fam,1977,2,11250,TA,TA,0,1977,2006,Gable,WD
257500,1839,6,Normal,1Fam,1957,2,14442,Ex,Gd,0,2004,2007,Hip,WD
140000,1136,6,Normal,1Fam,1965,1,9200,TA,TA,0,1965,2008,Gable,WD
148500,1441,6,Normal,Twnhs,1978,2,2289,TA,TA,0,1978,2009,Gable,WD
87000,1774,4,Normal,1Fam,1900,3,9600,Fa,TA,0,1950,2006,Gable,WD
109500,792,5,Normal,1Fam,1924,1,9022,Ex,Gd,0,2006,2009,Gable,WD
372500,2046,8,Partial,1Fam,2008,3,11844,Ex,Gd,0,2008,2009,Hip,New
128500,988,5,Normal,1Fam,1961,2,9945,TA,TA,0,1961,2007,Hip,WD
143000,923,6,Normal,TwnhsE,1980,1,8012,TA,TA,0,1980,2010,Gable,WD
159434,1520,5,Abnorml,1Fam,1932,1,4500,Ex,TA,0,2000,2009,Gable,WD
173000,1291,6,Normal,1Fam,1996,2,2887,Ex,Gd,0,1997,2008,Gable,WD
285000,1668,9,Normal,1Fam,2002,3,11248,Ex,Gd,0,2002,2007,Hip,WD
221000,1839,7,Normal,1Fam,1998,2,16770,Gd,TA,0,1998,2010,Gable,WD
207500,2090,7,Normal,TwnhsE,1984,2,5062,Gd,Gd,0,1984,2007,Gable,WD
227875,1761,7,Partial,1Fam,2007,2,10207,Ex,Gd,0,2007,2007,Gable,New
148800,1102,7,Normal,TwnhsE,2004,2,5105,Ex,Gd,0,2004,2007,Gable,WD
392000,1419,8,Partial,1Fam,2007,2,8089,Ex,Gd,0,2007,2007,Gable,New
194700,1362,6,Normal,TwnhsE,2005,2,7577,Ex,Gd,0,2006,2007,Gable,WD
141000,848,6,Normal,TwnhsE,2004,2,4426,Ex,Gd,0,2004,2008,Gable,WD
755000,4316,10,Normal,1Fam,1994,3,21535,Ex,Ex,0,1995,2007,Gable,WD
335000,2519,7,Normal,1Fam,1989,2,26178,Ex,Gd,0,1990,2006,Hip,WD
108480,1073,5,Abnorml,1Fam,1921,1,5400,Ex,TA,0,1968,2006,Gable,WD
141500,1539,5,Normal,1Fam,1936,2,6120,TA,TA,0,1950,2009,Gable,WD
176000,1137,6,Normal,1Fam,1987,2,13811,Gd,Gd,0,1987,2006,Gable,WD
89000,616,5,Normal,1Fam,1921,1,6000,Gd,TA,0,1950,2006,Gable,WD
123500,1148,5,Normal,1Fam,1952,1,6420,Fa,TA,0,1952,2006,Gable,WD
138500,894,5,Normal,1Fam,1965,1,8450,Ex,TA,0,2009,2010,Gable,WD
196000,1391,7,Normal,TwnhsE,2004,2,4282,Ex,Gd,0,2004,2008,Gable,WD
312500,1800,8,Normal,1Fam,2002,3,14331,Ex,Gd,0,2002,2006,Hip,WD
140000,1164,7,Normal,1Fam,1969,2,9600,TA,TA,0,1969,2006,Hip,COD
361919,2576,8,Partial,1Fam,2006,3,12438,Ex,Ex,0,2006,2006,Hip,New
140000,1812,5,Normal,2fmCon,1900,2,7630,Gd,Gd,0,1996,2010,Gable,WD
213000,1484,7,Normal,1Fam,2004,2,8400,Ex,Gd,0,2005,2010,Gable,WD
55000,1092,4,Normal,2fmCon,1930,0,5600,Fa,Fa,3500,1950,2010,Hip,WD
302000,1824,7,Normal,1Fam,1971,2,115149,TA,Gd,0,2002,2007,Gable,WD
254000,1324,8,Normal,TwnhsE,2006,2,6240,Ex,Gd,0,2006,2009,Hip,WD
179540,1456,7,Partial,1Fam,2007,2,9018,Ex,Gd,0,2007,2007,Hip,New
109900,904,5,Abnorml,1Fam,1966,1,7162,TA,TA,0,1966,2008,Gable,WD
52000,729,3,Normal,1Fam,1935,0,4130,Gd,TA,0,2003,2008,Gable,WD
102776,1178,4,Abnorml,1Fam,1900,1,8712,Gd,TA,0,1950,2010,Gable,WD
189000,1228,8,Normal,TwnhsE,1988,2,4671,Gd,Gd,0,1989,2008,Gable,WD
129000,960,4,Normal,2fmCon,1970,2,9873,TA,TA,0,1970,2006,Gable,WD
130500,1479,6,Normal,1Fam,1976,2,13517,Ex,Gd,0,2005,2010,Gable,WD
165000,1350,6,Normal,1Fam,1974,2,10140,TA,TA,0,1974,2009,Hip,WD
159500,2554,7,Normal,1Fam,1890,2,10800,Ex,TA,0,1998,2007,Gable,WD
157000,1178,5,Normal,1Fam,1973,2,10000,Gd,Gd,0,2000,2008,Gable,WD
341000,2418,7,Normal,1Fam,1993,3,10542,Ex,Gd,0,1994,2008,Hip,WD
128500,971,5,Normal,1Fam,1969,1,9920,TA,TA,0,1969,2006,Gable,WD
275000,1742,8,Normal,1Fam,1985,2,6563,TA,Gd,0,1985,2006,Gable,WD
143000,848,6,Normal,TwnhsE,2004,2,4426,Ex,Gd,0,2004,2010,Gable,WD
124500,864,4,Normal,1Fam,1970,2,8120,Ex,TA,0,1970,2009,Gable,WD
135000,1470,4,Normal,1Fam,1954,1,8172,Ex,TA,0,1972,2008,Gable,WD
320000,1698,9,Normal,1Fam,2007,3,13286,Ex,Ex,0,2008,2009,Hip,WD
120500,864,4,Normal,1Fam,1970,2,6960,TA,Gd,500,1970,2009,Gable,WD
222000,1680,6,Normal,1Fam,1988,2,21695,Ex,Gd,0,2007,2009,Hip,WD
194500,1232,7,Normal,1Fam,2007,2,7314,Ex,Gd,0,2007,2009,Gable,WD
110000,1776,5,Abnorml,Duplex,1958,3,11475,TA,TA,0,1958,2009,Gable,COD
103000,1208,4,Normal,1Fam,1925,2,6240,TA,TA,0,1950,2009,Gable,WD
236500,1616,8,Normal,TwnhsE,1995,2,5389,Ex,Gd,0,1996,2010,Gable,WD
187500,1146,7,Normal,1Fam,2003,2,9590,Ex,Gd,0,2003,2007,Gable,WD
222500,2031,7,Normal,1Fam,1998,2,11404,Ex,Gd,0,1999,2008,Gable,WD
131400,1144,5,Normal,1Fam,1961,1,10000,Ex,TA,400,1983,2009,Hip,WD
108000,948,5,Family,1Fam,1968,1,8978,TA,TA,0,1968,2007,Gable,WD
163000,1768,7,Normal,1Fam,1914,2,10800,Fa,TA,0,1970,2006,Gable,WD
93500,1040,3,Normal,Duplex,1950,2,8544,Gd,TA,0,1950,2006,Gable,WD
239900,1801,8,Normal,1Fam,2005,3,10463,Ex,Gd,0,2005,2006,Gable,WD
179000,1200,5,Alloca,Duplex,1987,0,10800,TA,TA,0,1988,2009,Gable,WD
190000,1728,7,Normal,1Fam,2004,2,9313,Ex,Gd,0,2004,2009,Gable,WD
132000,1432,5,Abnorml,1Fam,1910,2,9600,Ex,TA,0,2002,2007,Gable,WD
142000,912,6,Normal,1Fam,1961,1,6768,Gd,Gd,0,1996,2008,Hip,WD
179000,1349,7,Normal,1Fam,2000,2,8450,Ex,TA,0,2001,2007,Gable,WD
175000,1464,5,Normal,1Fam,1963,2,12886,Ex,TA,0,1999,2009,Gable,WD
180000,1337,8,Normal,TwnhsE,1993,2,5395,Gd,Gd,0,1993,2008,Gable,WD
299800,2715,8,Normal,1Fam,1976,2,8963,Ex,Gd,0,1996,2008,Hip,WD
236000,2256,7,Normal,1Fam,2000,2,8795,Ex,Gd,0,2000,2009,Gable,WD
265979,2640,7,Normal,1Fam,1880,4,11700,TA,Gd,0,2003,2009,Mansard,WD
260400,1720,7,Normal,1Fam,1996,2,10593,Ex,Gd,0,1996,2010,Hip,WD
98000,1529,4,Normal,1Fam,1945,1,8405,TA,TA,0,1950,2009,Gable,WD
96500,1140,4,Normal,1Fam,1910,0,8800,Gd,TA,0,2004,2010,Gable,WD
162000,1320,7,Normal,1Fam,2003,2,7750,Ex,Gd,0,2003,2007,Gable,WD
217000,1494,6,Normal,1Fam,1997,2,9236,Ex,Gd,0,1997,2006,Gable,WD
275500,2098,8,Normal,1Fam,2005,3,10240,Gd,Ex,0,2005,2006,Gable,WD
156000,1026,6,Normal,1Fam,1969,2,7930,Gd,Gd,0,2005,2009,Gable,WD
172500,1471,6,Normal,TwnhsE,1999,2,3230,Gd,TA,0,1999,2009,Gable,WD
212000,1768,8,Normal,1Fam,2007,2,10769,Ex,Gd,0,2007,2009,Gable,WD
158900,1386,6,Abnorml,1Fam,1978,2,11616,TA,TA,0,1978,2010,Hip,WD
179400,1501,7,Normal,Twnhs,1999,2,2280,Gd,TA,0,1999,2008,Gable,WD
290000,2531,8,Normal,1Fam,1995,3,12257,Ex,Gd,0,1995,2007,Gable,WD
127500,864,6,Normal,1Fam,1959,1,9100,Ex,TA,450,1959,2009,Hip,WD
100000,1301,5,Normal,1Fam,1924,2,6911,TA,Fa,0,1950,2009,Gable,WD
215200,1547,7,Normal,1Fam,2009,2,8640,Ex,Gd,0,2009,2010,Gable,Con
337000,2365,8,Normal,1Fam,1999,3,9430,Ex,Gd,0,1999,2009,Gable,WD
270000,1494,8,Normal,TwnhsE,1995,2,9549,Ex,Ex,0,1996,2006,Hip,WD
264132,1506,9,Partial,1Fam,2008,2,14587,Ex,Ex,0,2008,2008,Gable,New
196500,1714,7,Normal,1Fam,1988,2,10421,TA,TA,500,1988,2010,Gable,WD
160000,1750,6,Normal,1Fam,1940,1,12508,Ex,TA,1300,1985,2008,Gable,WD
216837,1836,7,Normal,1Fam,2004,2,9100,Ex,Gd,0,2005,2006,Hip,WD
538000,3279,8,Normal,1Fam,2003,3,53504,Ex,Ex,0,2003,2010,Hip,WD
134900,858,5,Normal,1Fam,1982,2,7252,TA,TA,0,1982,2009,Hip,WD
102000,1220,4,Normal,1Fam,1951,2,8877,TA,TA,0,1951,2006,Gable,COD
107000,1117,6,Abnorml,1Fam,1976,2,7819,TA,TA,0,1976,2010,Gable,WD
114500,912,5,Normal,1Fam,1958,1,10150,Ex,TA,0,1958,2007,Gable,COD
395000,1973,8,Partial,1Fam,2006,3,14226,Gd,Gd,0,2006,2007,Hip,New
162000,1204,6,Normal,TwnhsE,1998,2,4500,Ex,TA,0,1998,2009,Hip,WD
221500,1614,7,Partial,1Fam,2005,3,11210,Ex,Gd,0,2006,2006,Gable,New
142500,894,5,Normal,1Fam,1974,2,13350,TA,TA,0,1974,2006,Hip,WD
144000,2020,5,Normal,Duplex,1977,2,8400,TA,TA,0,1977,2007,Gable,WD
135000,1004,6,Normal,Duplex,1977,2,10530,TA,TA,0,1977,2006,Gable,WD
176000,1253,7,Normal,1Fam,1995,2,7875,Gd,TA,0,1996,2007,Gable,WD
175900,1603,6,Normal,1Fam,1992,2,7153,Ex,Gd,0,1992,2006,Gable,WD
187100,1430,7,Normal,1Fam,2001,2,16285,Ex,Gd,0,2002,2009,Gable,WD
165500,1110,5,Normal,1Fam,1978,2,9101,Ex,Gd,0,1978,2009,Gable,WD
128000,1484,6,Normal,1Fam,1914,0,6300,Ex,TA,0,2001,2008,Gable,WD
161500,1342,6,Normal,1Fam,1967,2,9790,TA,TA,0,1967,2009,Gable,WD
139000,1652,5,Normal,1Fam,1915,1,10800,TA,TA,1200,1950,2010,Gable,WD
233000,2084,7,Normal,1Fam,2004,2,10142,Ex,Gd,0,2004,2010,Gable,WD
107900,901,4,Normal,1Fam,1954,1,6000,Ex,TA,0,2000,2008,Gable,WD
187500,2087,6,Normal,1Fam,1966,2,12205,Gd,Gd,0,2007,2007,Gable,WD
160200,1145,7,Normal,TwnhsE,2005,2,3182,Ex,Gd,0,2006,2009,Gable,WD
146800,1062,6,Normal,1Fam,1976,2,11333,TA,TA,0,1976,2007,Gable,WD
269790,2013,7,Normal,1Fam,1996,2,9920,Ex,TA,0,1997,2007,Gable,WD
225000,1496,8,Partial,1Fam,2007,2,9158,Ex,Gd,0,2007,2007,Gable,New
194500,1895,7,Normal,1Fam,1994,2,10832,Ex,Gd,500,1996,2008,Gable,WD
171000,1564,6,Normal,1Fam,1980,2,8400,TA,TA,0,1981,2010,Gable,WD
143500,1285,6,Normal,1Fam,1977,2,8197,Ex,TA,0,1977,2007,Gable,WD
110000,773,5,Abnorml,1Fam,1953,1,7677,Gd,TA,0,1953,2008,Gable,WD
485000,3140,9,Partial,1Fam,2008,3,13518,Ex,Ex,0,2009,2009,Hip,New
175000,1768,5,Normal,1Fam,1937,1,7200,Ex,Gd,0,1950,2007,Gable,WD
200000,1688,6,Normal,1Fam,1997,2,12798,Gd,Gd,400,1997,2008,Gable,WD
109900,1196,4,Normal,1Fam,1916,2,4800,Ex,TA,0,1990,2007,Gable,WD
189000,1456,7,Normal,1Fam,2005,2,8199,Ex,Gd,0,2005,2008,Gable,WD
582933,2822,9,Partial,1Fam,2008,3,13891,Ex,Ex,0,2009,2009,Hip,New
118000,1128,5,Family,1Fam,1954,1,9000,TA,TA,0,1954,2006,Gable,WD
227680,1428,7,Partial,1Fam,2008,2,12274,Ex,Ex,0,2008,2008,Gable,New
135500,980,5,Normal,1Fam,1967,1,9750,Gd,TA,0,1967,2006,Gable,WD
223500,1576,5,Normal,1Fam,1923,2,21384,Ex,Gd,0,2004,2009,Gable,WD
159950,1086,5,Normal,1Fam,1966,2,13400,TA,TA,0,1966,2006,Gable,WD
106000,2138,5,Normal,1Fam,1898,2,8100,TA,TA,0,1965,2009,Hip,WD
181000,1309,6,Normal,1Fam,1974,2,10140,Fa,Gd,0,1999,2006,Hip,WD
144500,848,6,Normal,TwnhsE,2004,2,4438,Ex,Gd,0,2004,2008,Gable,ConLD
55993,1044,5,Alloca,1Fam,1952,2,8712,TA,Fa,54,1952,2010,Hip,WD
157900,1442,6,Normal,1Fam,1958,1,9750,Gd,TA,500,1958,2007,Gable,COD
116000,1250,5,Normal,1Fam,1918,1,8248,Gd,Fa,0,1950,2006,Gable,WD
224900,1661,7,Normal,1Fam,1998,2,12137,Ex,Gd,0,1998,2010,Gable,WD
137000,1008,5,Normal,1Fam,1954,1,11425,Gd,TA,0,1954,2006,Gable,WD
271000,1689,8,Normal,1Fam,2002,3,13265,Ex,Gd,0,2002,2008,Hip,WD
155000,1052,6,Normal,1Fam,1971,2,8816,Gd,TA,0,1971,2010,Gable,WD
224000,1358,7,Partial,TwnhsE,2009,2,6371,Ex,Gd,0,2010,2010,Gable,New
183000,1640,7,Normal,1Fam,2003,2,7226,Ex,Gd,0,2003,2008,Gable,WD
93000,936,4,Normal,2fmCon,1953,2,6000,TA,TA,0,1953,2009,Gable,WD
225000,1733,7,Family,1Fam,2003,2,12394,Ex,Gd,0,2003,2007,Gable,WD
139500,1489,6,Normal,1Fam,1940,1,9900,TA,TA,0,1950,2009,Gable,WD
232600,1489,8,Partial,1Fam,2006,2,11216,Ex,Gd,0,2006,2006,Gable,New
385000,2084,10,Partial,1Fam,2007,3,14803,Ex,Ex,0,2008,2008,Hip,New
109500,784,5,Normal,1Fam,1924,0,6130,Gd,Gd,0,1950,2008,Gable,WD
189000,1434,7,Normal,1Fam,2001,2,8529,Ex,Gd,0,2001,2009,Gable,WD
185000,2126,5,Abnorml,1Fam,1967,2,28698,TA,TA,0,1967,2009,Flat,WD
147400,1223,7,Normal,Twnhs,2005,2,2544,Ex,Gd,0,2005,2006,Gable,WD
166000,1392,6,Normal,1Fam,1957,2,11900,TA,TA,0,1957,2008,Gable,WD
151000,1200,7,Normal,TwnhsE,2005,2,3180,Ex,Gd,0,2005,2006,Gable,WD
237000,1829,7,Normal,1Fam,2003,2,9548,Ex,Gd,0,2003,2010,Gable,WD
167000,1516,6,Normal,1Fam,1964,2,10004,TA,TA,0,1964,2009,Gable,WD
139950,1144,5,Normal,1Fam,1961,2,7875,Gd,TA,0,1961,2008,Gable,WD
128000,1067,4,Normal,1Fam,1950,2,9600,TA,Gd,0,1995,2010,Gable,WD
153500,1559,5,Normal,1Fam,1948,2,8100,Gd,TA,0,1973,2007,Gable,COD
100000,987,6,Normal,Twnhs,1973,1,1680,TA,TA,0,1973,2008,Gable,WD
144000,1099,5,Normal,1Fam,1995,1,9525,Ex,Gd,0,2006,2008,Gable,WD
130500,1200,5,Normal,1Fam,1946,1,11767,Ex,TA,0,1995,2008,Gable,WD
140000,1482,6,Normal,1Fam,1925,1,12155,TA,Fa,0,1950,2008,Gable,WD
157500,1539,5,Normal,1Fam,1904,2,10440,Gd,Gd,0,2002,2008,Gable,WD
174900,1165,6,Normal,1Fam,1966,2,9020,TA,TA,0,1966,2008,Gable,WD
141000,1800,5,Normal,Duplex,1961,0,8000,Ex,TA,0,1961,2007,Gable,WD
153900,1416,5,Normal,1Fam,1915,3,12665,Gd,TA,0,1950,2008,Gable,WD
171000,1701,5,Normal,1Fam,1975,2,16647,TA,TA,0,1981,2007,Gable,WD
213000,1775,7,Normal,1Fam,1993,2,9317,Ex,Gd,0,1993,2009,Gable,WD
133500,864,5,Normal,1Fam,1972,1,15523,Ex,TA,0,1972,2009,Gable,WD
240000,2358,6,Normal,1Fam,1908,2,45600,TA,TA,0,1997,2008,Gable,WD
187000,1855,6,Normal,1Fam,1976,2,9600,Ex,TA,0,1994,2007,Hip,WD
131500,848,6,Normal,TwnhsE,2003,2,4435,Ex,Gd,0,2003,2007,Gable,WD
215000,1456,8,Normal,TwnhsE,2003,2,3196,Ex,Gd,0,2003,2006,Gable,WD
164000,1646,7,Normal,1Fam,1941,1,7128,Gd,TA,0,1950,2007,Gable,WD
158000,1445,6,Normal,1Fam,1964,2,12095,TA,TA,0,1964,2009,Gable,WD
170000,1779,5,Abnorml,1Fam,1955,2,17920,TA,TA,0,1974,2006,Hip,WD
127000,1040,5,Normal,1Fam,1962,1,6897,Ex,TA,0,2010,2010,Gable,WD
147000,1026,6,Normal,1Fam,1978,2,10970,TA,TA,0,1978,2008,Gable,WD
174000,1481,6,Normal,1Fam,1994,2,8125,Gd,TA,0,1995,2009,Gable,WD
152000,1370,7,Family,1Fam,1976,2,10400,TA,TA,0,1976,2009,Gable,WD
250000,2654,6,Normal,1Fam,1968,2,11029,TA,Gd,0,1984,2006,Gable,WD
189950,1426,7,Normal,1Fam,1918,1,7642,Gd,Gd,0,1998,2007,Gable,WD
131500,1039,5,Normal,2fmCon,1965,2,11625,Ex,TA,0,1965,2010,Hip,WD
152000,1097,6,Normal,1Fam,1984,2,9672,TA,TA,0,1985,2010,Hip,WD
132500,1148,5,Normal,1Fam,1959,1,7931,TA,TA,0,1959,2009,Hip,WD
250580,1372,7,Partial,1Fam,2007,2,8640,Ex,Gd,0,2008,2008,Gable,New
148500,1002,5,Normal,1Fam,1970,2,8750,TA,TA,0,1970,2009,Gable,WD
248900,1646,8,Partial,1Fam,2006,3,10656,Ex,Gd,0,2007,2007,Gable,New
129000,1120,4,Normal,1Fam,1961,2,6970,TA,Fa,400,1961,2007,Gable,WD
169000,2320,5,Normal,1Fam,1948,2,14762,Gd,TA,0,1950,2006,Gable,WD
236000,1949,7,Normal,1Fam,1993,2,9938,Ex,Gd,0,1994,2010,Gable,WD
109500,894,5,Normal,1Fam,1962,1,6600,Gd,TA,0,1962,2009,Hip,WD
200500,1682,6,Normal,1Fam,1998,2,8750,Ex,Gd,0,1998,2010,Gable,WD
116000,910,5,Normal,1Fam,1953,2,8892,Gd,Gd,0,1996,2008,Gable,WD
133000,1268,5,Normal,1Fam,1949,1,12144,Gd,TA,0,1950,2009,Gable,WD
66500,1131,5,Abnorml,1Fam,1941,1,5720,Ex,TA,0,1950,2009,Gable,WD
303477,2610,8,Partial,1Fam,2007,2,9000,Ex,Ex,0,2007,2007,Gable,New
132250,1040,4,Normal,1Fam,1963,2,25286,Gd,TA,0,1963,2007,Gable,WD
350000,2224,9,Normal,1Fam,2004,3,8834,Ex,Ex,0,2005,2009,Hip,WD
148000,1155,5,Normal,1Fam,1961,2,11782,TA,Gd,400,1995,2010,Gable,WD
136500,864,5,Normal,1Fam,1978,1,7000,Ex,TA,0,2005,2009,Gable,WD
157000,1090,5,Normal,1Fam,2005,2,7024,Gd,TA,0,2006,2007,Gable,WD
187500,1717,7,Normal,1Fam,1990,2,13758,Ex,Gd,0,1991,2007,Gable,WD
178000,1593,6,Normal,1Fam,1992,2,9636,Gd,TA,0,1993,2009,Gable,WD
118500,2230,4,Normal,1Fam,1912,1,6204,TA,TA,0,1950,2006,Gable,WD
100000,892,5,Normal,1Fam,1967,1,7150,TA,TA,0,1967,2009,Gable,WD
328900,1709,9,Abnorml,TwnhsE,1999,2,5119,Ex,Gd,0,2000,2008,Gable,CWD
145000,1712,5,Family,Duplex,1959,2,8393,Ex,TA,0,2005,2006,Gable,WD
135500,1393,5,Normal,1Fam,1955,1,16466,TA,TA,0,1955,2008,Gable,WD
268000,2217,8,Normal,1Fam,1970,2,15865,Ex,Gd,0,1970,2007,Flat,WD
149500,1505,6,Normal,1Fam,1953,2,12160,Ex,TA,0,1953,2009,Hip,WD
122900,924,5,Normal,1Fam,1949,2,8064,Ex,TA,2000,2006,2007,Gable,WD
172500,1683,6,Normal,1Fam,1978,2,11184,Gd,TA,0,1978,2009,Hip,WD
154500,1068,6,Normal,1Fam,1963,1,8414,TA,TA,0,2003,2006,Hip,WD
165000,1383,5,Normal,1Fam,1954,1,13284,TA,TA,0,1954,2008,Gable,WD
118858,1535,5,Alloca,Duplex,1979,2,7018,TA,TA,0,1979,2009,Gable,WD
140000,1796,6,Normal,1Fam,1963,2,7056,TA,TA,0,1963,2008,Hip,WD
106500,951,4,Abnorml,1Fam,1936,1,8765,Ex,TA,0,1950,2006,Gable,WD
142953,2240,5,Alloca,Duplex,1979,2,7018,TA,TA,0,1979,2009,Gable,WD
611657,2364,9,Partial,1Fam,2009,3,12919,Ex,Ex,0,2010,2010,Hip,New
135000,1236,5,Normal,1Fam,1961,1,6993,TA,TA,0,1994,2006,Gable,WD
110000,858,4,Normal,1Fam,1971,1,7340,TA,TA,0,1971,2007,Gable,WD
153000,1306,5,Normal,1Fam,1957,1,8712,TA,TA,0,2000,2009,Hip,WD
180000,1509,7,Normal,1Fam,2003,2,7875,Ex,Gd,0,2003,2006,Gable,WD
240000,1670,7,Partial,1Fam,2006,3,14859,Ex,Gd,0,2006,2006,Hip,New
125500,902,5,Normal,1Fam,1967,1,6173,TA,TA,0,1967,2007,Gable,WD
128000,1063,5,Normal,1Fam,1954,1,9920,TA,TA,0,1954,2010,Gable,WD
255000,1636,8,Normal,1Fam,2006,3,13501,Ex,Gd,0,2006,2007,Gable,WD
250000,2057,7,Normal,1Fam,1936,1,11500,Gd,Gd,0,1987,2006,Gable,WD
131000,902,5,Normal,1Fam,1983,2,8885,TA,TA,0,1983,2006,Gable,WD
174000,1484,6,Normal,1Fam,2005,2,12589,Ex,Gd,0,2005,2009,Gable,WD
154300,2274,5,Normal,Duplex,1960,2,11600,TA,TA,0,1960,2010,Gable,WD
143500,1268,5,Normal,1Fam,1977,1,9286,TA,Gd,0,1989,2009,Gable,WD
88000,1015,5,Abnorml,1Fam,1925,1,6120,TA,TA,620,1950,2006,Gable,WD
145000,2002,5,Normal,Duplex,1949,3,6270,TA,TA,0,1950,2007,Gable,WD
173733,1224,6,Partial,TwnhsE,2009,2,3000,Ex,Gd,0,2009,2009,Gable,New
75000,1092,4,Normal,Twnhs,1970,1,2001,Fa,TA,0,1970,2007,Gable,WD
35311,480,2,Abnorml,1Fam,1949,1,9000,TA,TA,0,1950,2006,Gable,WD
135000,1229,4,Normal,1Fam,1956,1,17140,Ex,TA,0,1956,2009,Gable,WD
238000,2127,7,Normal,1Fam,1991,3,13125,Ex,Gd,0,1991,2007,Gable,WD
176500,1414,6,Normal,1Fam,1958,2,11029,Ex,TA,0,2002,2008,Hip,WD
201000,1721,6,Normal,1Fam,1994,2,8462,Ex,Gd,0,1994,2007,Gable,WD
145900,2200,5,Normal,Duplex,1900,0,8777,Gd,TA,0,2003,2008,Gable,WD
169990,1316,6,Partial,1Fam,2005,2,10237,Ex,Gd,0,2006,2006,Gable,New
193000,1617,6,Normal,TwnhsE,1993,2,8012,Ex,Gd,0,1994,2008,Gable,WD
207500,1686,6,Normal,1Fam,1980,2,10240,TA,TA,0,1980,2006,Gable,WD
175000,1126,5,Abnorml,1Fam,1977,2,15611,TA,Ex,0,1977,2008,Gable,WD
285000,2374,8,Normal,1Fam,2003,3,11999,Ex,Ex,0,2004,2007,Hip,WD
176000,1978,7,Normal,1Fam,1968,2,9900,Gd,TA,0,1968,2008,Gable,WD
236500,1788,8,Normal,1Fam,2001,2,11838,Ex,Ex,0,2001,2009,Hip,WD
222000,2236,7,Normal,1Fam,1997,2,13006,Gd,Gd,0,1997,2006,Gable,WD
201000,1466,8,Normal,1Fam,2007,3,8925,Ex,Gd,0,2007,2009,Gable,WD
117500,925,5,Normal,1Fam,1965,1,9100,Ex,TA,0,1965,2009,Gable,WD
320000,1905,9,Normal,1Fam,2006,3,11670,Ex,Ex,0,2006,2007,Hip,WD
190000,1500,7,Normal,1Fam,2004,2,8487,Ex,Gd,0,2004,2009,Gable,WD
242000,2069,7,Normal,1Fam,1960,2,27650,Ex,Gd,0,2007,2008,Flat,WD
79900,747,4,Normal,1Fam,1926,2,5825,Gd,TA,0,1953,2006,Gable,WD
184900,1200,7,Normal,1Fam,2003,2,10083,Ex,Gd,0,2003,2009,Gable,WD
253000,1971,7,Normal,1Fam,2005,2,9675,Ex,Gd,0,2005,2009,Gable,WD
239799,1962,7,Partial,1Fam,2006,3,8760,Ex,Gd,0,2006,2006,Gable,New
244400,2403,7,Normal,1Fam,1940,1,24090,Ex,TA,0,1950,2010,Gable,COD
150900,1728,6,Normal,Duplex,1976,2,12640,TA,TA,0,1976,2006,Gable,WD
214000,2060,7,Normal,1Fam,1999,2,8755,Ex,Gd,0,1999,2009,Gable,WD
150000,1440,4,Abnorml,Duplex,1977,0,7711,TA,TA,0,1977,2007,Gable,Oth
143000,1632,5,Normal,Duplex,1967,2,25000,TA,TA,0,1967,2007,Gable,WD
137500,1344,6,Abnorml,1Fam,1958,2,14375,Gd,Gd,0,1958,2009,Gable,COD
124900,1869,5,Normal,1Fam,1890,2,8820,TA,TA,0,1996,2009,Hip,WD
143000,1144,5,Normal,1Fam,1959,1,8163,TA,TA,0,1959,2006,Gable,WD
270000,1629,8,Normal,1Fam,2002,3,14536,Ex,Gd,0,2003,2007,Hip,WD
192500,1776,7,Normal,1Fam,2002,2,14006,Ex,Gd,0,2002,2006,Gable,WD
197500,1381,6,Normal,1Fam,1972,2,9360,TA,Gd,0,2006,2010,Hip,WD
129000,864,5,Normal,1Fam,1950,2,7200,Gd,Gd,0,2002,2007,Gable,WD
119900,965,5,Abnorml,1Fam,1965,1,7800,Gd,TA,0,1965,2006,Gable,WD
133900,768,5,Normal,1Fam,1972,1,7200,Gd,TA,0,2003,2009,Gable,WD
172000,1968,5,Normal,1Fam,1969,2,11075,Ex,TA,400,1969,2008,Gable,WD
127500,980,6,AdjLand,Duplex,1975,0,9400,TA,TA,0,1975,2006,Flat,WD
145000,1958,6,Normal,Duplex,1946,2,7136,TA,TA,0,1950,2007,Gable,WD
124000,1229,6,Normal,TwnhsE,1980,2,1300,TA,TA,0,1980,2009,Gable,WD
132000,1057,5,Normal,1Fam,1962,2,7420,TA,TA,0,1962,2007,Hip,WD
185000,1337,7,Normal,1Fam,2003,2,8450,Ex,Gd,0,2003,2007,Gable,WD
155000,1416,7,Normal,Twnhs,1999,2,2572,Ex,Gd,0,1999,2010,Hip,WD
116500,858,5,Normal,1Fam,1958,0,7207,Gd,TA,0,2008,2010,Gable,WD
272000,2872,6,Normal,1Fam,1977,2,12227,TA,TA,0,1995,2008,Gable,WD
155000,1548,6,Normal,TwnhsE,1976,2,2308,TA,Gd,0,1976,2007,Gable,WD
239000,1800,9,Normal,1Fam,2007,2,11923,Ex,Ex,0,2007,2009,Gable,WD
214900,1894,7,Normal,1Fam,2002,2,11316,Ex,Gd,0,2003,2010,Gable,WD
178900,1484,6,Partial,1Fam,2005,2,10237,Ex,Gd,0,2007,2007,Gable,New
160000,1308,5,Normal,1Fam,1940,1,9600,Ex,TA,0,1950,2009,Gable,WD
135000,1098,5,Normal,1Fam,1955,1,7390,TA,TA,0,1955,2008,Hip,WD
37900,968,3,Abnorml,1Fam,1910,0,5925,Fa,TA,0,1950,2009,Gable,WD
140000,1095,6,Normal,2fmCon,1958,1,10382,TA,TA,0,1958,2006,Hip,ConLD
135000,1192,4,Abnorml,1Fam,1949,0,10800,TA,TA,0,1950,2006,Gable,WD
173000,1626,7,Normal,Twnhs,2003,2,2268,Ex,Gd,0,2004,2009,Gable,WD
99500,918,6,Normal,TwnhsE,1979,1,7892,TA,TA,0,1979,2010,Gable,WD
182000,1428,7,Partial,1Fam,2007,2,11639,Ex,Gd,0,2008,2008,Gable,New
167500,2019,7,Normal,1Fam,1910,2,11414,TA,Gd,0,1993,2009,Gable,WD
165000,1382,7,Normal,Twnhs,2000,2,2651,Ex,Gd,0,2000,2006,Gable,WD
85500,869,4,Normal,1Fam,1923,0,5900,TA,Fa,0,1958,2006,Gable,WD
199900,1241,7,Partial,TwnhsE,2006,2,4274,Ex,Gd,0,2007,2007,Gable,New
110000,894,4,Abnorml,1Fam,1954,2,9450,Ex,TA,0,1954,2007,Gable,WD
139000,1121,5,Normal,1Fam,1963,2,8816,TA,TA,0,1963,2009,Gable,WD
178400,999,7,Normal,1Fam,1961,2,12122,Gd,Ex,0,2007,2008,Gable,WD
336000,2612,8,Normal,1Fam,1998,3,12203,Ex,Gd,0,1999,2009,Hip,WD
159895,1266,7,Normal,1Fam,2007,2,3182,Ex,Gd,0,2007,2008,Gable,WD
255900,2290,8,Normal,1Fam,2002,2,11250,Ex,Gd,0,2002,2008,Gable,WD
126000,1734,5,Normal,Duplex,1977,2,10125,TA,Gd,0,1977,2009,Gable,COD
125000,1164,5,Normal,2fmCon,1950,1,10880,TA,TA,0,1950,2008,Gable,ConLD
117000,1635,6,Normal,1Fam,1910,1,5310,Gd,Gd,0,2003,2006,Hip,WD
395192,1940,9,Partial,1Fam,2009,3,10159,Ex,Ex,0,2010,2010,Hip,New
195000,2030,6,Normal,1Fam,1976,2,12046,TA,Gd,0,1976,2007,Gable,WD
197000,1576,7,Partial,1Fam,2006,2,8125,Ex,Gd,0,2006,2006,Gable,New
348000,2392,8,Normal,1Fam,1997,3,9452,Ex,Gd,0,1998,2006,Gable,WD
168000,1742,8,Normal,1Fam,1882,2,17671,Gd,Gd,0,1986,2009,Gable,WD
187000,1851,6,Normal,1Fam,1964,2,9760,Gd,Gd,0,1993,2007,Hip,WD
173900,1500,6,Partial,1Fam,2005,2,8846,Ex,Gd,0,2006,2006,Gable,New
337500,1718,10,Normal,1Fam,2006,3,12456,Ex,Ex,0,2007,2009,Hip,WD
121600,1230,4,Abnorml,1Fam,1946,1,4712,TA,TA,0,1950,2006,Gable,WD
136500,1050,5,Normal,1Fam,1961,1,10659,TA,TA,0,1961,2006,Hip,COD
185000,1442,6,Normal,1Fam,1970,2,11717,TA,TA,0,1970,2009,Hip,WD
91000,1077,3,Normal,1Fam,1922,1,9786,Fa,TA,0,1950,2006,Hip,WD
206000,1208,7,Normal,1Fam,2006,2,6762,Ex,Gd,0,2006,2010,Gable,WD
82000,944,3,Normal,1Fam,1952,2,10206,Fa,Fa,0,1952,2009,Flat,WD
86000,691,5,Abnorml,1Fam,1920,1,5400,Ex,Ex,0,1950,2007,Gable,WD
232000,1574,8,Normal,1Fam,2006,3,11957,Ex,Gd,0,2006,2008,Gable,WD
136905,1680,5,Normal,Duplex,1976,2,11500,Fa,TA,0,1976,2007,Gable,WD
181000,1504,7,Normal,TwnhsE,2005,2,3182,Ex,Gd,0,2006,2009,Gable,WD
149900,985,5,Normal,1Fam,1977,1,8385,TA,TA,0,1977,2008,Gable,WD
163500,1657,6,Normal,1Fam,1970,2,12155,Gd,TA,0,1970,2007,Gable,WD
88000,1092,4,Normal,TwnhsE,1970,1,2217,TA,TA,0,1970,2009,Gable,WD
240000,1710,7,Normal,1Fam,2004,2,12118,Ex,Gd,0,2005,2009,Hip,WD
102000,1522,5,Normal,1Fam,1926,0,6000,Ex,TA,0,1950,2006,Gable,WD
135000,1271,5,Normal,1Fam,1948,1,21286,TA,TA,0,1950,2008,Gable,WD
100000,1664,5,Normal,Duplex,1965,0,9825,TA,TA,0,1965,2010,Hip,WD
165000,1502,6,Normal,1Fam,1923,1,10592,TA,Gd,0,1996,2007,Hip,WD
85000,1022,5,Normal,1Fam,1910,1,7200,TA,TA,0,2006,2009,Hip,WD
119200,1082,6,Normal,1Fam,1948,1,11664,TA,TA,0,1950,2007,Gable,WD
227000,1665,8,Normal,1Fam,2001,2,8400,Ex,Gd,0,2001,2009,Gable,WD
203000,1504,7,Normal,1Fam,1996,2,11883,Ex,Gd,0,1996,2009,Hip,WD
187500,1360,8,Abnorml,TwnhsE,1984,2,5814,Gd,Gd,0,1984,2009,Gable,COD
160000,1472,7,Normal,1Fam,1991,2,10784,Gd,Gd,0,1992,2007,Gable,WD
213490,1506,7,Normal,TwnhsE,2005,2,3013,Ex,Gd,0,2005,2006,Gable,WD
176000,1132,4,Normal,1Fam,2005,2,7024,Ex,Gd,0,2005,2008,Gable,WD
194000,1220,7,Partial,1Fam,2006,2,7406,Ex,Gd,0,2006,2006,Gable,New
87000,1248,5,Normal,1Fam,1930,1,9439,Gd,TA,0,1950,2007,Gable,WD
191000,1504,7,Normal,TwnhsE,2005,2,3182,Ex,Gd,0,2006,2008,Gable,WD
287000,2898,8,Abnorml,1Fam,1976,2,15498,TA,Gd,0,1976,2008,Hip,COD
112500,882,5,Normal,1Fam,1972,2,7700,TA,TA,0,1972,2007,Gable,WD
167500,1264,5,Normal,1Fam,1960,2,9300,TA,TA,0,1960,2010,Gable,WD
293077,1646,8,Partial,1Fam,2007,3,9520,Ex,Gd,0,2008,2008,Gable,New
105000,1376,5,Normal,1Fam,1941,1,9492,TA,TA,0,1950,2007,Gable,WD
118000,1218,6,Normal,Twnhs,1972,1,1680,Gd,TA,0,1972,2006,Gable,WD
160000,1928,5,Normal,2fmCon,1916,0,7082,Gd,TA,0,1995,2006,Gable,WD
197000,3082,7,Normal,1Fam,1920,2,15863,Ex,TA,0,1970,2009,Gable,WD
310000,2520,8,Abnorml,1Fam,1993,3,14541,Ex,Gd,0,1993,2006,Gable,WD
230000,1654,7,Normal,1Fam,2002,3,8125,Ex,Gd,0,2002,2006,Gable,WD
119750,954,5,Normal,1Fam,1938,1,6305,Ex,Fa,0,1950,2007,Gable,WD
84000,845,4,Normal,1Fam,1957,1,11500,Ex,TA,0,1957,2009,Gable,WD
315500,1620,9,Normal,1Fam,2007,3,12898,Ex,Ex,0,2008,2009,Hip,WD
287000,2263,8,Normal,1Fam,2001,2,9240,Ex,Gd,0,2002,2008,Gable,WD
97000,1344,4,Normal,Twnhs,1970,0,1533,TA,TA,0,2008,2009,Gable,WD
80000,630,4,Normal,TwnhsE,1970,1,1477,TA,TA,0,1970,2009,Gable,WD
155000,1803,5,Normal,1Fam,1957,2,13125,Ex,TA,0,2000,2006,Gable,WD
173000,1632,6,Normal,1Fam,1966,2,9130,Gd,Gd,0,2000,2008,Hip,WD
196000,1306,6,Normal,Twnhs,2005,2,5381,Ex,Gd,0,2005,2009,Gable,WD
262280,2329,7,Normal,1Fam,1990,2,11839,Ex,Gd,0,1990,2008,Hip,WD
278000,2524,8,Normal,1Fam,1981,2,9600,TA,Gd,0,1981,2009,Hip,WD
139600,1733,3,Normal,1Fam,1955,2,13680,Ex,TA,0,1955,2009,Hip,WD
556581,2868,9,Partial,1Fam,2005,3,16056,Ex,Ex,0,2006,2006,Hip,New
145000,990,5,Normal,1Fam,1994,2,9245,Ex,TA,0,1995,2008,Gable,WD
115000,1771,5,Normal,1Fam,1960,2,21750,TA,TA,0,2006,2009,Hip,WD
84900,930,4,Abnorml,1Fam,1946,1,11100,Ex,Gd,0,2006,2010,Gable,WD
176485,1302,7,Partial,1Fam,2007,2,8993,Ex,Gd,0,2007,2007,Gable,New
200141,1316,7,Partial,1Fam,2007,2,11175,Ex,Gd,0,2007,2007,Gable,New
165000,1977,6,Normal,1Fam,1964,2,9500,TA,TA,0,1978,2007,Gable,WD
144500,1526,5,Normal,1Fam,1957,1,8562,Ex,TA,0,2002,2010,Hip,WD
255000,1989,8,Normal,1Fam,2002,2,11367,Ex,Gd,0,2002,2006,Gable,WD
180000,1523,6,Abnorml,1Fam,1976,2,11361,TA,TA,0,1976,2008,Gable,COD
185850,1364,7,Normal,TwnhsE,2005,2,7052,Ex,Gd,0,2005,2006,Gable,WD
248000,1850,7,Normal,1Fam,1994,2,29959,Ex,Gd,0,1994,2009,Gable,WD
335000,2184,9,Normal,1Fam,2008,3,11308,Ex,Ex,0,2008,2009,Gable,WD
220000,1991,6,Normal,1Fam,1932,2,11275,TA,TA,0,1950,2007,Gable,WD
213500,1338,8,Normal,TwnhsE,2001,2,4920,Ex,Gd,0,2001,2010,Gable,WD
81000,894,3,Normal,1Fam,1935,3,18000,TA,TA,560,1950,2008,Gable,ConLD
90000,2337,5,Normal,2fmCon,1900,2,13600,TA,TA,0,1950,2007,Gable,WD
110500,1103,6,Normal,1Fam,1925,2,6000,Gd,Gd,0,1980,2006,Gable,WD
154000,1154,5,Normal,1Fam,1966,2,11000,Ex,TA,0,1966,2009,Gable,WD
328000,2260,7,Normal,1Fam,1996,2,14000,Ex,Gd,0,1997,2010,Gable,WD
178000,1571,6,Normal,1Fam,1993,2,7837,Gd,TA,0,1994,2009,Gable,WD
167900,1611,6,Normal,1Fam,1964,2,9760,TA,TA,0,1964,2008,Gable,WD
151400,2521,6,Normal,TwnhsE,1973,2,3964,Gd,TA,0,1973,2006,Gable,WD
135000,893,5,Normal,1Fam,1949,2,9600,TA,Gd,0,2003,2007,Gable,WD
135000,1048,5,Normal,1Fam,1956,1,10152,TA,TA,0,1956,2007,Hip,WD
154000,1556,6,Normal,1Fam,1968,2,11700,Ex,TA,0,1968,2009,Gable,WD
91500,1456,5,Normal,1Fam,1948,1,7585,Fa,TA,0,1950,2006,Gable,WD
159500,1426,6,Normal,1Fam,1977,2,7950,TA,TA,0,1977,2009,Hip,WD
194000,1240,7,Normal,1Fam,2006,3,8556,Ex,Gd,0,2006,2007,Gable,WD
219500,1740,7,Normal,1Fam,1940,1,13125,TA,TA,0,1984,2007,Gable,CWD
170000,1466,5,Normal,1Fam,1936,2,10800,Gd,Gd,500,1989,2006,Gable,WD
138800,1096,5,Abnorml,1Fam,1969,1,15870,Ex,TA,0,1969,2006,Gable,WD
155900,848,6,Normal,TwnhsE,2004,2,4435,Ex,Gd,0,2004,2006,Gable,WD
126000,990,5,Normal,1Fam,1994,1,8775,Gd,TA,0,1994,2007,Gable,WD
145000,1258,6,Abnorml,1Fam,1971,2,11040,Ex,Gd,0,2004,2008,Gable,COD
133000,1040,5,Normal,1Fam,1963,1,7500,Fa,TA,0,1963,2010,Gable,WD
192000,1459,7,Normal,1Fam,2002,2,8749,Ex,Gd,0,2002,2007,Gable,WD
160000,1251,6,Normal,1Fam,1964,1,8800,TA,TA,700,1964,2006,Hip,WD
187500,1498,6,Normal,1Fam,1995,2,13031,Gd,TA,0,1996,2006,Gable,WD
147000,996,6,Normal,1Fam,1992,2,9069,Ex,Gd,0,1992,2010,Gable,WD
83500,1092,4,Normal,TwnhsE,1973,1,1974,TA,TA,0,1973,2010,Gable,WD
252000,1953,8,Normal,1Fam,2005,3,10574,Ex,Gd,0,2006,2009,Gable,WD
137500,1709,7,Normal,Twnhs,2004,2,2522,Ex,Gd,0,2004,2006,Gable,WD
197000,1247,8,Normal,TwnhsE,2005,2,3316,Ex,Gd,0,2005,2006,Gable,WD
92900,1040,3,Normal,Duplex,1950,2,8544,Fa,TA,0,1950,2009,Gable,WD
160000,1252,7,Normal,Twnhs,1999,2,2160,Ex,Gd,0,2000,2008,Gable,WD
136500,1694,6,Normal,1Fam,1925,2,8400,Fa,TA,0,1950,2008,Gable,WD
146000,1200,5,Normal,1Fam,1965,2,9230,Gd,Gd,0,1998,2006,Hip,WD
129000,936,5,Normal,1Fam,1956,1,5868,Ex,TA,0,2000,2010,Gable,WD
176432,1314,6,Normal,1Fam,2006,2,9317,Gd,Gd,0,2006,2007,Gable,WD
127000,1355,6,Normal,1Fam,1914,0,6882,TA,Gd,0,2006,2007,Gable,WD
170000,1088,8,Normal,TwnhsE,1986,2,3696,Ex,Gd,0,1986,2007,Gable,WD
128000,1324,4,Normal,1Fam,1936,1,6000,TA,TA,0,1950,2009,Gable,WD
157000,1601,7,Abnorml,1Fam,1978,2,11880,TA,TA,0,1978,2009,Gable,COD
60000,438,2,Normal,1Fam,1920,1,8400,TA,Fa,0,1950,2009,Gable,WD
119500,950,5,Normal,1Fam,1971,1,9758,TA,TA,0,1971,2007,Gable,WD
135000,1134,5,Family,1Fam,1960,1,7000,Ex,TA,0,2002,2007,Gable,WD
159500,1194,6,Normal,1Fam,1959,2,8910,Ex,TA,0,1959,2006,Hip,WD
106000,1302,5,Normal,TwnhsE,1970,2,2016,TA,TA,0,1970,2007,Gable,WD
325000,2622,8,Normal,1Fam,1994,2,12256,Ex,Gd,0,1995,2010,Gable,WD
179900,1442,7,Normal,1Fam,1990,2,10357,Gd,Gd,0,1991,2007,Hip,WD
274725,2021,7,Partial,1Fam,2006,2,23257,Ex,Gd,0,2006,2006,Gable,New
181000,1690,6,Abnorml,1Fam,2000,2,8063,Ex,TA,0,2000,2007,Gable,WD
280000,1836,8,Normal,1Fam,2004,3,11362,Ex,Gd,0,2005,2009,Gable,WD
188000,1658,6,Normal,1Fam,1995,2,8000,Gd,TA,0,1996,2008,Gable,WD
205000,1964,7,Normal,1Fam,1976,2,10480,TA,TA,0,1976,2008,Hip,WD
129900,816,5,Normal,1Fam,1957,1,7100,TA,TA,0,1957,2006,Gable,WD
134500,1008,5,Normal,1Fam,1953,1,8923,Gd,Gd,0,2006,2007,Gable,WD
117000,833,5,Normal,1Fam,1954,1,5400,Ex,Gd,0,2000,2006,Gable,WD
318000,1734,8,Partial,1Fam,2007,3,12085,Ex,Ex,0,2007,2007,Hip,New
184100,1419,8,Normal,1Fam,2002,2,7750,Ex,Gd,0,2002,2009,Hip,WD
130000,894,5,Normal,1Fam,1967,2,9764,Ex,Gd,0,2003,2008,Gable,WD
140000,1601,5,Normal,1Fam,1958,1,13825,TA,TA,0,1987,2008,Gable,WD
133700,1040,5,Normal,1Fam,1959,1,7560,TA,TA,0,1959,2006,Gable,WD
118400,1012,6,Normal,1Fam,1920,1,8263,TA,TA,0,1950,2007,Gable,WD
212900,1552,7,Partial,1Fam,2005,3,10084,Ex,Gd,0,2006,2006,Gable,New
112000,960,4,Abnorml,1Fam,1956,1,8926,Ex,TA,0,1956,2009,Gable,COD
118000,698,5,Normal,1Fam,1947,0,9405,Ex,TA,0,2008,2009,Hip,WD
163900,1482,7,Normal,1Fam,1992,2,9125,Gd,Gd,0,1992,2007,Gable,WD
115000,1005,4,Normal,1Fam,1955,2,10434,TA,Fa,0,1955,2009,Gable,WD
174000,1555,7,Normal,TwnhsE,2007,3,3684,Ex,Gd,0,2007,2009,Hip,WD
259000,1530,7,Family,1Fam,2004,3,14572,Ex,Gd,0,2004,2007,Hip,WD
215000,1959,7,Normal,1Fam,2004,2,11796,Ex,Gd,0,2005,2007,Gable,WD
140000,936,5,Normal,Duplex,1980,2,7200,TA,TA,0,1980,2007,Gable,WD
135000,1981,4,Normal,1Fam,1928,2,7804,TA,Gd,0,1950,2009,Gable,WD
93500,974,5,Abnorml,1Fam,1991,0,10712,TA,TA,0,1992,2007,Gable,Oth
117500,2210,6,Normal,1Fam,1880,1,9900,TA,Fa,0,1950,2007,Gable,WD
239500,2020,8,Normal,1Fam,1995,2,9828,Ex,Gd,0,1995,2009,Gable,WD
169000,1600,6,Normal,1Fam,1997,2,8773,Gd,TA,0,1997,2007,Gable,WD
102000,986,6,Normal,1Fam,1926,1,6180,TA,TA,0,1950,2007,Gable,WD
119000,1252,6,Abnorml,1Fam,1950,1,9600,TA,TA,0,1950,2008,Gable,WD
94000,1020,5,Normal,1Fam,1875,0,6342,Gd,TA,0,1996,2010,Gable,WD
196000,1567,6,Normal,1Fam,1977,2,9819,TA,Gd,0,1977,2009,Gable,WD
144000,1167,5,Normal,1Fam,1920,2,8731,TA,TA,0,1950,2007,Gable,WD
139000,952,5,Abnorml,1Fam,1951,2,7350,TA,TA,0,1951,2008,Gable,COD
197500,1868,5,Normal,1Fam,1976,2,10304,Ex,Gd,0,1976,2009,Gable,WD
424870,2828,8,Partial,1Fam,2006,3,9965,Ex,Gd,0,2007,2007,Hip,New
80000,1006,5,Normal,1Fam,1959,0,9000,TA,TA,0,1959,2008,Gable,WD
80000,924,4,Normal,2fmCon,1941,1,12180,Fa,Fa,0,1950,2010,Gable,WD
149000,1576,5,Family,1Fam,1928,1,6240,Ex,TA,0,1950,2006,Gable,WD
180000,1298,6,Normal,1Fam,1985,2,11200,TA,Gd,0,1985,2006,Gable,WD
174500,1564,7,Normal,1Fam,1941,1,12000,Ex,Fa,0,1950,2009,Gable,WD
116900,1111,7,Normal,1Fam,1926,1,5700,TA,TA,0,1950,2008,Gable,WD
143000,1482,7,Normal,1Fam,1920,2,9000,Ex,TA,0,1988,2009,Hip,WD
124000,932,6,Normal,1Fam,1950,1,8280,Ex,Gd,0,1950,2007,Gable,WD
149900,1466,5,Normal,1Fam,1959,2,17755,TA,Fa,0,1959,2006,Gable,WD
230000,1811,6,Abnorml,1Fam,1956,2,14115,Ex,Ex,0,2004,2006,Gable,WD
120500,816,6,Normal,1Fam,1930,1,5890,Ex,TA,0,2007,2008,Gable,WD
201800,1820,7,Normal,1Fam,1965,2,13700,TA,Gd,0,1988,2008,Gable,WD
218000,1437,5,Normal,1Fam,1976,2,10768,TA,Gd,0,2004,2007,Gable,WD
179900,1265,5,Normal,1Fam,1965,2,9350,Gd,Gd,0,1999,2008,Gable,WD
230000,1314,7,Normal,Twnhs,2007,2,5001,Ex,Gd,0,2008,2009,Gable,WD
235128,1580,8,Partial,1Fam,2007,3,11932,Ex,Gd,0,2008,2008,Gable,ConLD
185000,1876,6,Normal,1Fam,1974,2,9120,TA,Gd,0,1974,2008,Hip,WD
146000,1456,6,Normal,Twnhs,1978,2,2280,Fa,TA,0,1978,2010,Gable,WD
224000,1640,6,Normal,1Fam,1954,2,14778,Ex,Gd,0,2006,2008,Hip,WD
129000,894,5,Normal,1Fam,1968,2,8724,Gd,TA,0,1968,2007,Gable,WD
108959,1258,4,Alloca,Duplex,1969,2,12900,TA,TA,0,1969,2008,Gable,WD
194000,1432,5,Normal,1Fam,1978,2,16157,Ex,Gd,0,1978,2007,Gable,WD
233170,1502,7,Partial,1Fam,2009,2,9541,Ex,Gd,0,2009,2009,Gable,New
245350,1694,8,Normal,1Fam,2008,3,10475,Ex,Gd,0,2008,2010,Gable,WD
173000,1671,6,Normal,1Fam,2000,2,10852,Ex,TA,0,2000,2006,Gable,WD
235000,2108,6,Normal,1Fam,1935,2,13728,Ex,Gd,0,1986,2008,Hip,WD
625000,3627,10,Normal,1Fam,1995,3,35760,Ex,Gd,0,1996,2006,Hip,WD
171000,1118,6,Normal,1Fam,1977,1,9880,TA,TA,0,1977,2008,Gable,WD
163000,1261,6,Normal,1Fam,1958,2,9120,Ex,TA,1400,1958,2008,Hip,WD
171900,1250,7,Normal,TwnhsE,2006,2,4017,Ex,Gd,0,2007,2008,Gable,WD
200500,3086,5,Normal,1Fam,1946,0,18030,TA,Ex,0,1994,2007,Gable,WD
239000,2345,6,Normal,1Fam,1932,2,16560,TA,TA,0,1950,2006,Gable,WD
285000,2872,8,Normal,1Fam,1992,2,10678,Ex,Gd,0,2000,2007,Hip,WD
119500,923,5,Normal,1Fam,1984,1,6951,TA,TA,0,1985,2008,Gable,WD
115000,1224,6,Normal,1Fam,1926,1,3950,TA,TA,0,2004,2009,Gable,WD
154900,1343,5,Normal,1Fam,1921,1,7681,Ex,TA,0,1950,2009,Gable,WD
93000,1124,5,Normal,1Fam,1954,0,8335,Gd,TA,0,1954,2006,Gable,WD
250000,2514,7,Normal,1Fam,1990,2,11170,Ex,TA,0,1991,2006,Gable,WD
392500,1652,8,Partial,TwnhsE,2008,2,5587,Ex,Gd,0,2008,2008,Hip,New
745000,4476,10,Abnorml,1Fam,1996,3,15623,Ex,Ex,0,1996,2007,Hip,WD
120000,1130,5,Normal,1Fam,1920,2,10800,Ex,TA,0,1950,2006,Hip,WD
186700,1572,5,Normal,1Fam,1963,3,35133,Gd,TA,0,1963,2007,Hip,WD
104900,1221,5,Normal,1Fam,1924,1,9738,Gd,TA,0,1950,2006,Gable,WD
95000,1699,3,Abnorml,2fmCon,1900,2,10615,TA,TA,0,1970,2009,Gable,WD
262000,1624,8,Normal,1Fam,1994,3,12461,Ex,Gd,0,1995,2006,Gable,WD
195000,1660,7,Normal,1Fam,2002,2,8935,Ex,Gd,0,2002,2009,Gable,WD
189000,1804,7,Normal,1Fam,1999,2,7500,Gd,Gd,0,1999,2010,Gable,WD
168000,1622,4,Normal,2fmCon,1961,4,32463,Ex,TA,0,1975,2007,Gable,WD
174000,1441,8,Normal,Twnhs,1999,2,2645,Ex,Gd,0,2000,2007,Gable,WD
125000,1472,5,Normal,1Fam,1925,1,9600,Gd,Gd,0,1994,2007,Gambrel,WD
165000,1224,6,Normal,TwnhsE,1999,2,4500,Ex,TA,0,1999,2009,Hip,WD
158000,1352,6,Normal,1Fam,1969,1,9364,TA,TA,0,1969,2010,Gable,WD
176000,1456,6,Normal,1Fam,2005,2,8029,Ex,Gd,0,2005,2008,Gable,WD
219210,1863,7,Partial,1Fam,2006,3,14054,Ex,Gd,0,2006,2006,Gable,New
144000,1690,7,Normal,1Fam,1916,1,8850,Ex,TA,0,1950,2006,Gable,ConLw
178000,1212,7,Normal,1Fam,2001,2,9100,Ex,Gd,0,2001,2009,Gable,WD
148000,1382,4,Normal,1Fam,1963,2,11235,Gd,TA,0,1979,2006,Gable,WD
116050,864,4,Abnorml,1Fam,1970,1,9353,Gd,TA,0,1970,2006,Gable,Oth
197900,1779,7,Normal,1Fam,1998,2,10400,Ex,Gd,0,1998,2009,Gable,WD
117000,1348,5,Normal,1Fam,1925,1,6000,Ex,TA,0,1997,2009,Gable,WD
213000,1630,7,Normal,1Fam,2000,2,9750,Ex,Gd,0,2001,2009,Gable,WD
153500,1074,5,Normal,1Fam,1975,2,10140,Ex,TA,0,1975,2006,Gable,WD
271900,2196,7,Normal,1Fam,1990,3,14684,Gd,Gd,0,1991,2009,Hip,WD
107000,1056,4,Normal,1Fam,1966,1,8900,TA,TA,0,1966,2006,Gable,WD
200000,1700,6,Normal,1Fam,2003,2,9135,Ex,Gd,0,2003,2006,Gable,WD
140000,1283,5,Normal,1Fam,1962,2,7763,TA,TA,0,1980,2008,Gable,WD
290000,1660,8,Partial,1Fam,2006,2,10182,Ex,Gd,0,2006,2006,Hip,New
189000,1845,6,Normal,1Fam,1992,2,11218,Ex,Gd,400,1992,2010,Gable,WD
164000,1752,8,Normal,1Fam,1988,2,12134,Gd,TA,0,2005,2010,Gable,WD
113000,672,4,Normal,1Fam,1941,1,9340,TA,TA,0,1950,2009,Hip,WD
145000,960,4,Normal,1Fam,1965,1,10246,Ex,TA,0,2001,2006,Gable,WD
134500,999,5,Normal,1Fam,1962,1,10205,TA,TA,0,1962,2006,Gable,WD
125000,894,5,Normal,1Fam,1966,1,7094,TA,TA,0,1966,2007,Gable,WD
112000,1902,6,Normal,Duplex,1978,2,8930,TA,TA,0,1978,2010,Gable,WD
229456,1314,8,Partial,1Fam,2009,2,8640,Ex,Gd,0,2009,2009,Gable,New
80500,912,4,Normal,1Fam,1947,0,6240,Gd,TA,0,1950,2006,Gable,WD
91500,1218,6,Abnorml,Twnhs,1971,0,1680,TA,TA,0,1971,2006,Gable,WD
115000,912,5,Abnorml,1Fam,1964,1,7800,TA,TA,0,1964,2006,Gable,WD
134000,1211,5,Normal,1Fam,1968,1,8250,Ex,TA,0,1968,2008,Hip,WD
143000,1846,6,Normal,1Fam,1949,1,10496,Ex,TA,0,1950,2007,Gable,WD
137900,2136,5,Normal,1Fam,1951,2,10680,TA,TA,0,1951,2006,Hip,WD
184000,1490,7,Normal,1Fam,2004,2,15384,Ex,Gd,0,2005,2008,Gable,WD
145000,1138,6,Normal,1Fam,1958,1,10482,Ex,TA,0,1958,2007,Hip,WD
214000,1933,6,Normal,1Fam,2007,3,14598,Ex,Gd,0,2007,2008,Gable,WD
147000,912,5,Normal,1Fam,1965,2,8872,Ex,Gd,0,2008,2008,Gable,WD
367294,1702,9,Partial,TwnhsE,2008,3,8769,Ex,Ex,0,2008,2008,Hip,New
127000,1507,5,Normal,1Fam,1960,1,7910,Gd,TA,0,1960,2008,Hip,WD
190000,2620,5,Normal,Duplex,1977,2,18890,Ex,TA,8300,1977,2007,Shed,WD
132500,1190,5,Normal,Duplex,1962,2,7728,TA,TA,0,1962,2006,Hip,WD
101800,1224,4,Normal,Duplex,1962,2,9842,TA,TA,0,1962,2007,Gable,WD
142000,1188,5,Abnorml,1Fam,1959,2,12160,Fa,TA,0,1959,2010,Hip,COD
130000,1964,5,Abnorml,1Fam,1911,0,8525,TA,TA,0,1950,2008,Gable,WD
138887,1784,5,Normal,1Fam,1914,1,13132,Gd,TA,0,1950,2006,Gable,WD
175500,1626,7,Normal,Twnhs,2003,2,2628,Ex,Gd,0,2003,2010,Gable,WD
195000,1948,7,Normal,1Fam,2004,2,12393,Ex,Gd,0,2005,2006,Gable,WD
142500,1141,6,Abnorml,1Fam,2005,2,13072,Ex,TA,0,2005,2006,Gable,WD
265900,1484,8,Normal,1Fam,2006,2,9037,Ex,Ex,0,2006,2007,Hip,WD
224900,1768,7,Normal,1Fam,2003,2,8158,Ex,Gd,0,2003,2008,Gable,WD
248328,1689,7,Partial,1Fam,2007,3,9849,Ex,Gd,0,2007,2007,Hip,New
170000,1173,7,Family,1Fam,1974,2,10625,TA,Gd,0,1974,2010,Gable,WD
465000,2076,10,Partial,1Fam,2006,3,13891,Ex,Ex,0,2006,2006,Gable,New
230000,1517,8,Normal,1Fam,1929,2,11435,Fa,Gd,0,1950,2006,Gable,WD
178000,1868,6,Abnorml,1Fam,1984,2,12090,Ex,TA,0,2003,2007,Hip,WD
186500,1553,7,Partial,1Fam,2005,2,8125,Ex,Gd,0,2006,2006,Gable,New
169900,1034,6,Normal,1Fam,1976,3,12328,TA,TA,0,1976,2010,Gable,WD
129500,2058,6,Normal,1Fam,1917,2,9600,Fa,TA,0,1950,2008,Gable,WD
119000,988,5,Normal,1Fam,1950,1,7200,TA,TA,0,1950,2007,Gable,WD
244000,2110,7,Normal,1Fam,1968,2,11160,Ex,Ex,0,1968,2010,Hip,WD
171750,1405,7,Normal,TwnhsE,2003,2,3136,Ex,Gd,0,2003,2006,Gable,WD
130000,874,5,Normal,1Fam,1968,1,9858,TA,TA,600,1968,2009,Gable,WD
294000,2167,7,Normal,1Fam,1974,2,17542,TA,Gd,0,2003,2007,Gable,WD
165400,1656,7,Normal,1Fam,2003,2,6931,Ex,Gd,0,2004,2008,Gable,WD
127500,1367,6,Normal,1Fam,1931,1,6240,TA,TA,0,1950,2007,Gable,WD
301500,1987,8,Normal,1Fam,1994,2,14303,Ex,Gd,0,1994,2008,Hip,WD
99900,864,5,Normal,1Fam,1922,0,4060,Ex,TA,0,1950,2009,Gable,WD
190000,1166,7,Normal,1Fam,2005,2,9587,Ex,Gd,0,2005,2008,Gable,WD
151000,1054,6,Normal,1Fam,1969,2,9750,Gd,TA,0,1969,2008,Gable,WD
181000,1675,6,Normal,1Fam,1999,2,24682,Ex,TA,0,1999,2009,Gable,WD
128900,1050,5,Normal,1Fam,1956,1,9600,Gd,TA,0,1956,2009,Hip,WD
161500,1788,4,Normal,1Fam,1957,1,11250,Ex,TA,0,1989,2009,Gable,WD
180500,1824,6,Normal,1Fam,1919,2,13515,Ex,TA,0,1950,2007,Gambrel,WD
181000,1337,6,Abnorml,TwnhsE,1998,2,4060,Ex,Gd,0,1999,2008,Gable,COD
183900,1452,7,Normal,TwnhsE,1999,2,3735,Ex,Gd,0,1999,2006,Hip,WD
122000,1889,7,Normal,2fmCon,1910,1,10120,TA,TA,0,1950,2007,Hip,WD
378500,2018,9,Normal,1Fam,2008,3,13214,Ex,Ex,0,2009,2010,Hip,WD
381000,3447,8,Normal,1Fam,1935,3,14100,Ex,Gd,0,1997,2008,Gable,WD
144000,1524,5,Normal,1Fam,1958,1,11344,TA,TA,0,1958,2007,Gable,WD
260000,1524,7,Normal,1Fam,1979,2,23595,TA,Gd,0,1979,2010,Shed,WD
185750,1489,6,Normal,1Fam,1968,2,9156,Gd,Gd,0,1968,2009,Hip,WD
137000,935,5,Normal,1Fam,1965,1,13526,TA,TA,0,1965,2006,Hip,WD
177000,1357,6,Normal,1Fam,1959,1,11512,Gd,Ex,0,2006,2008,Gable,WD
139000,1250,5,Normal,1Fam,1910,2,5362,Ex,TA,0,2003,2007,Gable,WD
137000,1920,5,Normal,Duplex,1948,2,11345,Gd,TA,0,1950,2007,Gable,WD
162000,1395,6,Normal,1Fam,1972,2,12936,TA,TA,0,1972,2009,Gable,WD
197900,1724,6,Normal,1Fam,1967,2,17871,Fa,TA,0,1976,2009,Gable,WD
237000,2031,8,Normal,1Fam,2002,2,9473,Ex,Gd,0,2002,2008,Gable,WD
68400,1128,4,Abnorml,1Fam,1920,2,7500,TA,TA,0,1950,2010,Gable,COD
227000,1573,7,Normal,1Fam,2002,2,9808,Ex,Gd,0,2002,2009,Gable,WD
180000,1339,7,Normal,1Fam,1990,2,8049,TA,TA,0,1990,2006,Hip,WD
150500,1040,5,Normal,1Fam,1977,2,8800,TA,Gd,0,2008,2009,Gable,WD
139000,1824,6,Normal,Duplex,1971,0,9400,TA,TA,0,1971,2010,Mansard,WD
169000,2447,6,Normal,1Fam,1919,1,9638,Ex,Gd,0,1990,2010,Gable,WD
132500,1412,6,Normal,1Fam,1939,1,6000,Ex,TA,0,1950,2009,Gable,WD
143000,1328,6,Normal,1Fam,1963,2,9790,TA,TA,0,1963,2010,Hip,WD
190000,1582,5,Normal,1Fam,1964,2,36500,Fa,TA,0,1964,2006,Gable,WD
278000,1659,8,Normal,TwnhsE,2000,2,5664,Ex,Ex,0,2000,2009,Gable,WD
281000,1970,8,Partial,1Fam,2006,3,11065,Ex,Ex,0,2006,2006,Gable,New
180500,1152,5,Normal,1Fam,1964,2,14112,TA,TA,0,1964,2010,Hip,WD
119500,1302,5,Normal,Twnhs,1972,1,1680,TA,TA,0,1972,2009,Gable,WD
107500,2372,5,Normal,1Fam,1892,1,6600,TA,TA,0,1965,2009,Gable,WD
162900,1664,7,Normal,1Fam,1976,2,10140,TA,TA,0,1976,2006,Gable,WD
115000,864,5,Normal,1Fam,1955,2,8172,TA,TA,0,1990,2006,Hip,WD
138500,1052,5,Normal,1Fam,1968,1,8400,Gd,TA,0,1968,2006,Hip,WD
155000,1128,5,Normal,1Fam,1963,2,8700,Gd,TA,0,1963,2008,Hip,WD
140000,1072,6,Partial,TwnhsE,2005,2,3675,Gd,TA,0,2006,2006,Gable,New
160000,5642,10,Partial,1Fam,2008,2,63887,Ex,Ex,0,2008,2008,Hip,New
154000,1246,5,Normal,1Fam,1959,1,7500,Ex,Gd,0,1994,2010,Hip,WD
225000,1983,7,Normal,1Fam,1999,2,10762,Ex,Gd,0,1999,2009,Gable,WD
177500,1494,6,Normal,1Fam,1942,1,7500,Fa,Gd,0,1950,2009,Gable,WD
290000,2526,8,Normal,1Fam,1994,3,10120,Ex,Gd,0,1994,2006,Hip,WD
232000,1616,7,Normal,1Fam,2005,3,8688,Ex,Gd,0,2005,2006,Gable,WD
130000,1708,7,Normal,TwnhsE,2004,2,3363,Ex,Gd,0,2004,2006,Gable,WD
325000,1652,9,Normal,1Fam,2006,2,13173,Ex,Ex,0,2007,2009,Hip,WD
202500,1368,7,Partial,TwnhsE,2005,2,6955,Ex,Gd,0,2006,2006,Gable,New
138000,990,5,Normal,1Fam,1994,2,8072,Ex,TA,0,1995,2009,Gable,WD
147000,1122,5,Normal,1Fam,1948,2,12000,Ex,Gd,0,2005,2008,Gable,WD
179200,1294,6,Normal,1Fam,1991,2,7153,Gd,Gd,0,1991,2008,Gable,WD
335000,1902,7,Normal,1Fam,1959,2,17500,TA,Ex,0,2002,2010,Gable,WD
203000,1274,7,Partial,1Fam,2005,2,8814,Ex,Gd,0,2007,2007,Gable,New
302000,2810,8,Normal,1Fam,1990,2,9572,Ex,Gd,0,1990,2007,Gable,WD
333168,2599,9,Normal,1Fam,1999,3,14774,Ex,Gd,0,1999,2010,Gable,WD
119000,948,4,Normal,1Fam,1954,1,8190,Ex,TA,0,1954,2007,Hip,WD
206900,2112,6,Normal,1Fam,1969,2,11075,TA,TA,0,1969,2008,Gable,WD
295493,1630,8,Normal,1Fam,2008,3,10226,Ex,Ex,0,2008,2009,Gable,WD
208900,1352,7,Partial,TwnhsE,2006,2,4230,Ex,Gd,0,2007,2007,Gable,New
275000,1787,8,Normal,1Fam,2001,3,14781,Ex,Gd,0,2002,2006,Hip,WD
111000,948,4,Normal,1Fam,1954,1,10215,Ex,TA,0,1954,2007,Hip,WD
156500,1478,6,Normal,1Fam,1957,2,8400,Gd,TA,0,1957,2009,Hip,WD
72500,720,3,Normal,1Fam,1949,1,6627,TA,TA,0,1950,2008,Hip,WD
190000,1923,7,Normal,1Fam,1992,2,10186,Ex,Gd,0,1992,2010,Gable,WD
82500,708,4,Normal,1Fam,1940,0,5330,Gd,Fa,0,1950,2009,Hip,WD
147000,1795,8,Partial,1Fam,2006,3,9986,Ex,Gd,0,2007,2007,Gable,New
55000,796,4,Normal,1Fam,1922,0,3636,Fa,TA,0,1950,2008,Gable,WD
79000,774,3,Normal,1Fam,1931,0,4270,Ex,Gd,0,2006,2007,Gable,WD
130500,816,5,Normal,1Fam,1982,1,6600,Ex,Gd,0,2008,2008,Gable,WD
256000,2792,6,Normal,1Fam,1920,2,10440,Ex,TA,1150,1950,2008,Gable,WD
176500,1632,7,Normal,1Fam,1998,2,9084,Gd,TA,0,1998,2006,Hip,WD
227000,1588,8,Normal,1Fam,2006,3,10000,Ex,Gd,0,2006,2007,Hip,WD
132500,954,5,Normal,1Fam,1976,2,10780,Gd,TA,0,1976,2006,Gable,WD
100000,816,4,Normal,1Fam,1938,1,8877,Ex,TA,0,1958,2009,Gable,WD
125500,1360,5,Normal,1Fam,1938,1,7200,Ex,Gd,0,1995,2006,Gable,WD
125000,1365,5,Normal,TwnhsE,1970,2,2368,TA,TA,0,1970,2009,Gable,WD
167900,1334,6,Normal,1Fam,1977,2,9650,TA,TA,0,1977,2009,Gable,WD
135000,1656,5,Normal,Duplex,1973,2,9246,TA,TA,0,1973,2008,Gable,WD
52500,693,4,Normal,1Fam,1941,0,4118,Fa,Fa,0,1950,2006,Gable,WD
200000,1861,7,Normal,1Fam,2002,2,13450,Ex,Gd,0,2002,2006,Gable,WD
128500,864,5,Normal,1Fam,1972,1,9560,Ex,TA,0,1972,2006,Hip,WD
123000,872,4,Normal,1Fam,1971,4,8294,TA,TA,0,1971,2007,Gable,WD
155000,1114,6,Normal,1Fam,2003,2,13695,Ex,Gd,0,2004,2008,Gable,WD
228500,2169,8,Normal,1Fam,2002,2,9375,Ex,Gd,0,2002,2007,Gable,WD
177000,1913,6,Normal,1Fam,1928,2,7558,Gd,TA,0,1950,2009,Gable,WD
155835,1456,7,Partial,1Fam,2006,2,11103,Ex,Gd,0,2006,2007,Gable,New
108500,960,4,Normal,1Fam,1920,1,6000,Gd,Fa,0,1950,2007,Hip,WD
262500,2156,7,Normal,1Fam,1968,2,20781,TA,TA,0,2003,2006,Hip,WD
283463,1776,8,Partial,1Fam,2006,3,15306,Ex,Gd,0,2007,2007,Gable,New
215000,1494,7,Normal,1Fam,1998,2,16196,Ex,Gd,0,1998,2007,Gable,WD
122000,2358,8,Normal,1Fam,1872,0,5250,Fa,TA,0,1987,2008,Gable,WD
200000,2634,5,Normal,Duplex,1969,4,11643,TA,TA,0,1969,2009,Gable,WD
171000,1716,6,Normal,1Fam,1962,2,9247,Ex,TA,0,1962,2008,Gable,WD
134900,1176,6,Normal,1Fam,1937,2,6000,TA,TA,0,2000,2009,Gable,WD
410000,3238,8,Normal,1Fam,1995,3,14720,Ex,Gd,0,1996,2010,Hip,WD
235000,1865,7,Normal,1Fam,2000,3,10316,Ex,Gd,0,2000,2008,Gable,WD
170000,1920,7,Normal,1Fam,1968,2,10192,Gd,Gd,0,1992,2006,Gable,WD
110000,892,5,Normal,1Fam,1966,1,9477,TA,TA,0,1966,2008,Gable,WD
149900,1078,5,Normal,1Fam,1971,2,12537,Ex,TA,0,2008,2010,Gable,WD
177500,1573,6,Normal,Twnhs,2000,2,2117,Ex,Gd,0,2000,2010,Gable,WD
315000,1980,9,Normal,1Fam,2004,3,16737,Ex,Ex,0,2005,2006,Hip,WD
189000,2601,5,Normal,1Fam,1921,2,9842,Ex,TA,0,1998,2008,Gable,WD
260000,1530,7,Normal,1Fam,2005,2,16158,Ex,Gd,0,2005,2009,Hip,WD
104900,1738,4,Normal,1Fam,1920,1,12513,Gd,TA,0,2007,2009,Gable,WD
156932,1412,6,Partial,1Fam,2006,2,8499,Ex,Gd,0,2007,2007,Gable,New
144152,1200,7,Abnorml,TwnhsE,2005,2,3180,Ex,Gd,0,2005,2006,Gable,WD
216000,1674,7,Normal,1Fam,2000,2,7500,Ex,Gd,0,2000,2010,Gable,WD
193000,1790,7,Abnorml,1Fam,1999,2,9179,Ex,Gd,0,1999,2008,Gable,WD
127000,1475,5,Normal,TwnhsE,1977,1,2665,Ex,TA,0,1977,2006,Gable,WD
144000,848,6,Normal,TwnhsE,2003,2,4435,Ex,Gd,0,2004,2009,Gable,WD
232000,1668,8,Normal,1Fam,2003,2,10635,Ex,Gd,0,2003,2010,Hip,WD
105000,1374,4,Normal,1Fam,1920,1,5400,Ex,TA,0,1950,2009,Gable,WD
165500,1661,6,Normal,1Fam,1955,1,9600,Gd,Gd,0,1996,2008,Hip,WD
274300,2097,7,Normal,1Fam,1998,2,9750,Ex,Gd,0,1998,2006,Gable,WD
466500,2633,10,Normal,1Fam,2001,3,11400,Ex,Ex,0,2002,2007,Hip,WD
250000,1958,7,Normal,1Fam,2005,3,10625,Ex,Gd,0,2005,2008,Gable,WD
239000,1571,8,Partial,1Fam,2007,3,10991,Ex,Gd,0,2007,2007,Gable,New
91000,790,6,Normal,1Fam,1930,1,6292,TA,TA,0,1950,2008,Gable,WD
117000,1604,5,Normal,1Fam,1941,2,10998,Ex,TA,0,1960,2009,Gable,WD
83000,987,6,Normal,Twnhs,1973,1,1953,TA,TA,0,1973,2006,Gable,WD
167500,1394,5,Normal,1Fam,2006,2,9735,Gd,Gd,0,2007,2008,Gable,WD
58500,864,3,Normal,1Fam,1914,1,8212,TA,TA,0,1950,2010,Gable,WD
237500,2117,6,Normal,1Fam,1970,2,12925,Ex,TA,0,1970,2008,Gable,WD
157000,1762,7,Normal,1Fam,1920,2,7200,Ex,Gd,0,1950,2006,Hip,WD
112000,1416,5,Normal,1Fam,1918,2,25339,Ex,Gd,0,2007,2007,Gable,WD
105000,1258,6,Normal,1Fam,1939,1,9060,TA,TA,0,1950,2009,Gable,WD
125500,1154,4,Normal,1Fam,1922,1,5436,Gd,Gd,0,2007,2010,Gable,WD
250000,2784,7,Normal,1Fam,1978,2,16692,TA,Gd,2000,1978,2006,Gable,WD
136000,2526,6,Family,1Fam,1916,1,8520,TA,Gd,0,1950,2007,Gable,CWD
377500,1746,9,Normal,1Fam,2006,3,14892,Ex,Ex,0,2007,2009,Gable,WD
131000,1218,6,Normal,1Fam,1941,2,6000,Ex,TA,0,1950,2007,Gable,WD
235000,1525,7,Normal,1Fam,2000,2,9100,Ex,Gd,0,2000,2006,Gable,WD
124000,1584,5,Normal,Duplex,1967,3,8944,TA,TA,0,1967,2009,Gable,WD
123000,900,5,Normal,1Fam,1967,1,7838,TA,TA,0,1967,2006,Gable,WD
163000,1912,6,Normal,2fmCon,1905,2,10800,Ex,TA,0,2000,2008,Gable,WD
246578,1500,7,Partial,TwnhsE,2006,3,4045,Ex,Gd,0,2006,2006,Hip,New
281213,2482,8,Normal,1Fam,2005,3,12665,Ex,Gd,0,2006,2007,Hip,WD
160000,1687,5,Normal,1Fam,1948,2,57200,TA,TA,0,1950,2010,Gable,WD
137500,1513,5,Normal,1Fam,1920,1,6120,Ex,TA,0,2004,2007,Gable,WD
138000,1904,5,Normal,1Fam,1950,1,7200,Gd,TA,0,1982,2009,Gable,WD
137450,1608,6,Normal,1Fam,1925,1,6171,Ex,Gd,0,1990,2009,Gable,WD
120000,1158,6,Normal,1Fam,1929,1,6000,TA,TA,0,1950,2008,Gable,WD
193000,1593,6,Normal,1Fam,2004,2,7415,Ex,TA,0,2004,2008,Gable,WD
193879,1294,7,Partial,1Fam,2006,2,6762,Ex,Gd,0,2006,2006,Gable,New
282922,1464,8,Normal,1Fam,2007,3,15256,Ex,Gd,0,2007,2007,Gable,WD
105000,1214,3,Family,1Fam,1915,3,10410,TA,TA,0,1950,2006,Gable,WD
275000,1646,8,Normal,TwnhsE,2004,2,3842,Ex,Gd,0,2005,2008,Hip,WD
133000,768,5,Normal,1Fam,1972,2,8445,TA,TA,0,2007,2009,Gable,WD
112000,833,5,Normal,1Fam,1985,0,8780,Ex,TA,0,1985,2009,Gable,WD
125500,1363,4,Normal,1Fam,1910,2,7740,Gd,TA,0,1950,2010,Gable,WD
215000,2093,7,Normal,1Fam,1986,2,20544,Gd,TA,0,1991,2008,Gable,WD
230000,1840,7,Normal,1Fam,2001,2,12420,Ex,Gd,0,2001,2009,Gable,WD
140000,1668,6,Normal,1Fam,1950,1,9600,Ex,TA,0,2005,2009,Gable,WD
90000,1040,4,Normal,Duplex,1949,2,7200,Fa,TA,0,1950,2009,Gable,WD
257000,1844,8,Abnorml,1Fam,2005,2,10994,Ex,Gd,0,2006,2009,Gable,COD
207000,1848,6,Normal,1Fam,1923,2,13053,Gd,Gd,0,2000,2008,Gambrel,WD
175900,1569,7,Normal,TwnhsE,2007,3,3635,Ex,Gd,0,2007,2009,Hip,WD
122500,2290,4,Normal,2fmCon,1885,2,11340,Gd,TA,0,1950,2010,Gable,WD
340000,2450,8,Normal,1Fam,1998,3,16545,Ex,Gd,0,1998,2009,Gable,WD
124000,1144,5,Normal,1Fam,1963,1,9204,TA,TA,0,1963,2008,Gable,COD
223000,1844,6,Normal,1Fam,1969,2,16381,Gd,Gd,0,1969,2006,Gable,WD
179900,1416,6,Normal,1Fam,1968,2,11700,Gd,TA,0,1968,2006,Gable,WD
127500,1069,6,Normal,TwnhsE,1977,2,4043,TA,TA,0,1977,2010,Gable,WD
136500,848,6,Normal,TwnhsE,2003,2,4435,Ex,Gd,0,2003,2008,Gable,WD
274970,2201,6,Alloca,1Fam,1966,2,19690,TA,Gd,0,1966,2006,Flat,WD
144000,1344,5,Normal,1Fam,1958,1,9503,TA,TA,0,1983,2007,Hip,WD
142000,1252,6,Normal,1Fam,1959,2,10721,Ex,Gd,0,1959,2008,Hip,WD
271000,2127,7,Normal,1Fam,1994,2,10944,Ex,Gd,0,1994,2008,Gable,WD
140000,1558,5,Normal,1Fam,1945,1,10930,TA,TA,0,1950,2008,Gable,WD
119000,804,5,Abnorml,1Fam,1940,1,7200,TA,Gd,0,1992,2010,Gable,WD
182900,1440,6,Normal,1Fam,1981,2,12546,Ex,Gd,0,1981,2007,Gable,WD
192140,1838,5,Normal,1Fam,2005,2,21930,Ex,TA,0,2005,2006,Gable,WD
143750,958,6,Normal,TwnhsE,1976,2,4928,TA,TA,0,1976,2009,Gable,WD
64500,968,4,Normal,1Fam,1927,1,10800,TA,TA,0,2007,2007,Gable,WD
186500,1792,6,Normal,1Fam,2000,2,10261,Ex,TA,0,2000,2008,Gable,WD
160000,1126,5,Normal,1Fam,1977,2,17400,Fa,TA,0,1977,2006,Gable,WD
174000,1537,6,Abnorml,1Fam,1962,2,8400,TA,Gd,0,2005,2008,Gable,COD
120500,864,4,Normal,1Fam,1971,2,9000,TA,TA,0,1971,2007,Gable,WD
394617,1932,8,Partial,1Fam,2008,3,12444,Ex,Ex,0,2008,2008,Hip,New
149700,1236,6,Normal,1Fam,1957,2,7407,TA,TA,0,1996,2010,Gable,WD
197000,1725,7,Normal,1Fam,1979,2,11584,TA,TA,0,1979,2007,Hip,WD
191000,2555,6,Normal,1Fam,1922,2,11526,Fa,TA,0,1994,2008,Gable,WD
149300,848,6,Normal,TwnhsE,2004,2,4426,Ex,Gd,0,2004,2008,Gable,WD
310000,2007,10,Normal,1Fam,2008,3,11003,Ex,Ex,0,2008,2009,Gable,WD
121000,952,6,Normal,1Fam,1916,1,8854,Fa,Fa,0,1950,2009,Gable,WD
179600,1422,7,Normal,1Fam,2004,2,8500,Ex,Gd,0,2004,2007,Gable,WD
129000,913,6,Normal,1Fam,1966,1,8400,Gd,TA,0,1966,2007,Gable,WD
157900,1188,5,Normal,1Fam,1962,1,26142,TA,TA,0,1962,2010,Gable,WD
240000,2090,8,Normal,1Fam,1995,2,10000,Ex,Gd,0,1996,2007,Gable,WD
112000,1346,4,Normal,1Fam,1910,1,11767,Gd,TA,0,2000,2007,Gable,WD
92000,630,5,Abnorml,Twnhs,1970,0,1533,Ex,Ex,0,1970,2006,Gable,WD
136000,1792,5,Normal,Duplex,1974,0,9000,TA,TA,0,1974,2009,Gable,WD
287090,1578,8,Partial,1Fam,2008,3,9262,Ex,Ex,0,2009,2009,Gable,New
145000,1072,5,Normal,TwnhsE,2005,2,3675,Gd,TA,0,2005,2006,Gable,WD
84500,1140,5,Abnorml,1Fam,2006,0,17217,Ex,TA,0,2006,2006,Gable,WD
185000,1221,7,Normal,1Fam,2004,2,7500,Ex,Gd,0,2005,2009,Gable,WD
175000,1647,6,Normal,1Fam,1999,2,7917,Ex,TA,0,2000,2007,Gable,WD
210000,2073,6,Normal,1Fam,1978,2,13175,TA,TA,0,1988,2010,Gable,WD
266500,2340,7,Normal,1Fam,1941,1,9042,Ex,Gd,2500,2006,2010,Gable,WD
142125,1078,5,Normal,1Fam,1950,1,9717,Gd,Gd,0,1996,2010,Hip,WD
147500,1256,5,Normal,1Fam,1965,1,9937,Gd,TA,0,1965,2008,Gable,WD
